file,line,issueType,status,severity,value,message,suggestion
migration/output/content/pages/can-a-isslot-element-have-a-dynamic-id.md,1,generic_alt_text,fail,high,Screenshot of the isslot official documentation.,Markdown image alt text is generic or filename-like.,Replace the placeholder alt text with a concise description of the image purpose.
migration/output/content/pages/home.md,13,generic_alt_text,fail,high,A picture of Thomas Theunen leaning on a desk at the office with plants on the background.,Markdown image alt text is generic or filename-like.,Replace the placeholder alt text with a concise description of the image purpose.
migration/output/content/pages/home.md,13,generic_alt_text,fail,high,A picture of Thomas Theunen leaning on a desk at the office with plants on the background.,Markdown image alt text is generic or filename-like.,Replace the placeholder alt text with a concise description of the image purpose.
migration/output/content/pages/page-designer-add-ability-to-copy-paste-components.md,8,generic_alt_text,fail,high,A screenshot of the Experience Cloud page editor,Markdown image alt text is generic or filename-like.,Replace the placeholder alt text with a concise description of the image purpose.
migration/output/content/pages/page-designer-dynamic-pages-optional-subcategories.md,27,generic_alt_text,fail,high,A screenshot of page designer where a user selects a category to assign the page to.,Markdown image alt text is generic or filename-like.,Replace the placeholder alt text with a concise description of the image purpose.
migration/output/content/pages/salesforce-b2c-commerce-cloud-erd.md,1,missing_alt_text,fail,critical,/media/2023/salesforce-b2c-commerce-cloud-erd-0bdb8b007c.jpeg,Markdown image is missing alt text.,"Provide descriptive alt text, or add an explicit decorative-image exception for this file and src."
migration/output/content/pages/versioning-of-content-assets.md,3,missing_alt_text,fail,critical,/media/2022/revision-blog-12e6fdce00.jpg,Markdown image is missing alt text.,"Provide descriptive alt text, or add an explicit decorative-image exception for this file and src."
migration/output/content/posts/a-beginners-guide-to-webdav-in-sfcc.md,33,generic_alt_text,fail,high,"A screenshot of the business manager showing the WebDAV Permissions for the ""eCom Manager"".",Markdown image alt text is generic or filename-like.,Replace the placeholder alt text with a concise description of the image purpose.
migration/output/content/posts/a-beginners-guide-to-webdav-in-sfcc.md,89,generic_alt_text,fail,high,A screenshot of the WebDAV Client Application Permissions screen showing one configuration giving an API key access to the /impex folder and /cartridges folder.,Markdown image alt text is generic or filename-like.,Replace the placeholder alt text with a concise description of the image purpose.
migration/output/content/posts/a-look-at-the-salesforce-b2c-commerce-cloud-23-6-release.md,3,weak_link_text,warn,medium,Click here,Link text is too generic to stand alone reliably.,Replace the link text with a destination-specific label.
migration/output/content/posts/a-look-at-the-sfcc-23-5-release.md,3,weak_link_text,warn,medium,Click here,Link text is too generic to stand alone reliably.,Replace the link text with a destination-specific label.
migration/output/content/posts/a-look-at-the-sfcc-23-5-release.md,82,missing_alt_text,fail,critical,/media/2023/scapi-channel-types-2023-2795e88145.jpg,Markdown image is missing alt text.,"Provide descriptive alt text, or add an explicit decorative-image exception for this file and src."
migration/output/content/posts/a-look-back-at-origin-shielding.md,5,missing_alt_text,fail,critical,/media/2022/origin-shielding-first-mention-9d41cb51f2.jpg,Markdown image is missing alt text.,"Provide descriptive alt text, or add an explicit decorative-image exception for this file and src."
migration/output/content/posts/a-look-back-at-origin-shielding.md,9,missing_alt_text,fail,critical,/media/2022/march-2022-origin-shielding-815c30777b.jpg,Markdown image is missing alt text.,"Provide descriptive alt text, or add an explicit decorative-image exception for this file and src."
migration/output/content/posts/a-new-commerce-cloud-community-in-town.md,6,missing_alt_text,fail,critical,/media/2022/join-the-salesforce-benelux-commerce-cloud-community-v4-afd7195f3b.jpg,Markdown image is missing alt text.,"Provide descriptive alt text, or add an explicit decorative-image exception for this file and src."
migration/output/content/posts/a-new-commerce-cloud-community-in-town.md,94,missing_alt_text,fail,critical,/media/2022/get-to-know-each-other-v2-60539cfd30.png,Markdown image is missing alt text.,"Provide descriptive alt text, or add an explicit decorative-image exception for this file and src."
migration/output/content/posts/ai-automation-to-augmentation-at-work.md,9,missing_alt_text,fail,critical,/media/2023/salesforce-einstein-c26c4593ed.jpeg,Markdown image is missing alt text.,"Provide descriptive alt text, or add an explicit decorative-image exception for this file and src."
migration/output/content/posts/ai-automation-to-augmentation-at-work.md,33,missing_alt_text,fail,critical,/media/2023/sfcc-content-assets-with-ai-8805d0d3cd.jpg,Markdown image is missing alt text.,"Provide descriptive alt text, or add an explicit decorative-image exception for this file and src."
migration/output/content/posts/an-overview-of-sfcc-global-functions.md,89,missing_alt_text,fail,critical,/media/2023/the-infinity-of-space-5e44ec8ec6.jpg,Markdown image is missing alt text.,"Provide descriptive alt text, or add an explicit decorative-image exception for this file and src."
migration/output/content/posts/b2c-commerce-cloud-campaign-erd.md,7,missing_alt_text,fail,critical,/media/2023/salesforce-b2c-commerce-cloud-diagram-campaign-erd-4b241c1470.png,Markdown image is missing alt text.,"Provide descriptive alt text, or add an explicit decorative-image exception for this file and src."
migration/output/content/posts/b2c-commerce-cloud-campaign-erd.md,35,missing_alt_text,fail,critical,/media/2023/campaign-store-groups-sfcc-1a646a927d.png,Markdown image is missing alt text.,"Provide descriptive alt text, or add an explicit decorative-image exception for this file and src."
migration/output/content/posts/caching-in-the-sfcc-composable-storefront.md,77,weak_link_text,warn,medium,here,Link text is too generic to stand alone reliably.,Replace the link text with a destination-specific label.
migration/output/content/posts/caching-in-the-sfcc-composable-storefront.md,83,generic_alt_text,fail,high,"A screenshot of the SCAPI Server-Side Web-Tier feature toggle in the Business Manager, used to enable caching for the SCAPI endpoints.",Markdown image alt text is generic or filename-like.,Replace the placeholder alt text with a concise description of the image purpose.
migration/output/content/posts/certifications-for-salesforce-b2c-commerce-cloud.md,35,missing_alt_text,fail,critical,/media/2022/b2c-commerce-architect-3d1b1f2f1e.png,Markdown image is missing alt text.,"Provide descriptive alt text, or add an explicit decorative-image exception for this file and src."
migration/output/content/posts/certifications-for-salesforce-b2c-commerce-cloud.md,70,missing_alt_text,fail,critical,/media/2022/einstein-d7123b2738.png,Markdown image is missing alt text.,"Provide descriptive alt text, or add an explicit decorative-image exception for this file and src."
migration/output/content/posts/chasing-clouds-catching-up-with-the-commercecrew-at-dreamforce-2023.md,17,generic_alt_text,fail,high,Three people smiling on a picture at a breakfast meeting in San Francisco including Thomas Theunen and Amalia Murray.,Markdown image alt text is generic or filename-like.,Replace the placeholder alt text with a concise description of the image purpose.
migration/output/content/posts/chasing-clouds-catching-up-with-the-commercecrew-at-dreamforce-2023.md,45,generic_alt_text,fail,high,"A picture of the concert of the Foo Fighters at Dreamfest 2023, taken high above the stage.",Markdown image alt text is generic or filename-like.,Replace the placeholder alt text with a concise description of the image purpose.
migration/output/content/posts/custom-ttf-fonts-in-pdf-for-sfcc.md,80,generic_alt_text,fail,high,A screenshot of a generated PDF showing different fonts.,Markdown image alt text is generic or filename-like.,Replace the placeholder alt text with a concise description of the image purpose.
migration/output/content/posts/events-and-the-golden-hoodie.md,53,missing_alt_text,fail,critical,/media/2022/salesforce-live-belgium-bba64ad521.jpg,Markdown image is missing alt text.,"Provide descriptive alt text, or add an explicit decorative-image exception for this file and src."
migration/output/content/posts/everything-new-in-sfcc-23-4.md,3,weak_link_text,warn,medium,Click here,Link text is too generic to stand alone reliably.,Replace the link text with a destination-specific label.
migration/output/content/posts/field-guide-to-custom-caches-in-sfcc.md,45,generic_alt_text,fail,high,"Image Alt Text: A friendly cartoon character in a flat vector style, building a data cache from a blueprint, with vibrant data lines flowing into the structure.",Markdown image alt text is generic or filename-like.,Replace the placeholder alt text with a concise description of the image purpose.
migration/output/content/posts/field-guide-to-custom-caches-in-sfcc.md,87,generic_alt_text,fail,high,"A screenshot of the ""Administration > Operations > Custom Caches"" screen in the business manager.",Markdown image alt text is generic or filename-like.,Replace the placeholder alt text with a concise description of the image purpose.
migration/output/content/posts/get-connected-at-salesforce-connections-2022.md,18,missing_alt_text,fail,critical,/media/2022/offer-8124183637.jpg,Markdown image is missing alt text.,"Provide descriptive alt text, or add an explicit decorative-image exception for this file and src."
migration/output/content/posts/get-connected-at-salesforce-connections-2022.md,271,missing_alt_text,fail,critical,/media/2022/cnx-hp-band-one-republic-23e3012477.png,Markdown image is missing alt text.,"Provide descriptive alt text, or add an explicit decorative-image exception for this file and src."
migration/output/content/posts/get-connected-at-salesforce-connections-2022.md,281,heading_level_skip,warn,medium,h2 -> h4,Heading hierarchy skips a level.,Use sequential heading levels unless a repeated page region justifies the jump.
migration/output/content/posts/getting-secured-with-the-24-5-salesforce-b2c-commerce-cloud-release.md,3,weak_link_text,warn,medium,Click here,Link text is too generic to stand alone reliably.,Replace the link text with a destination-specific label.
migration/output/content/posts/getting-to-know-sfra-as-a-developer.md,15,weak_link_text,warn,medium,here,Link text is too generic to stand alone reliably.,Replace the link text with a destination-specific label.
migration/output/content/posts/getting-to-know-sfra-as-a-developer.md,19,missing_alt_text,fail,critical,/media/2022/learn-commerce-cloud-67eab48d9b.jpg,Markdown image is missing alt text.,"Provide descriptive alt text, or add an explicit decorative-image exception for this file and src."
migration/output/content/posts/getting-to-know-sfra-as-a-developer.md,76,generic_alt_text,fail,high,"A screenshot of the Partner Learning Camp (PLC) that shows the ""Get Started on the B2C Commerce Fast Path to Certifications: Foundations"" course.",Markdown image alt text is generic or filename-like.,Replace the placeholder alt text with a concise description of the image purpose.
migration/output/content/posts/getting-to-know-the-sfcc-24-4-release.md,51,generic_alt_text,fail,high,Page Designer image picker with four available assets.,Markdown image alt text is generic or filename-like.,Replace the placeholder alt text with a concise description of the image purpose.
migration/output/content/posts/helpful-salesforce-b2c-commerce-cloud-cli-tools.md,37,generic_alt_text,fail,high,A screenshot of B2C Tools depicting a migration,Markdown image alt text is generic or filename-like.,Replace the placeholder alt text with a concise description of the image purpose.
migration/output/content/posts/how-to-filter-jsdoc-in-storybook-autodocs.md,7,generic_alt_text,fail,high,Storybook JSDocs before screenshot. We see way to much information.,Markdown image alt text is generic or filename-like.,Replace the placeholder alt text with a concise description of the image purpose.
migration/output/content/posts/how-to-filter-jsdoc-in-storybook-autodocs.md,11,generic_alt_text,fail,high,Storybook JSDocs after screenshot. We no longer see anything except the description.,Markdown image alt text is generic or filename-like.,Replace the placeholder alt text with a concise description of the image purpose.
migration/output/content/posts/how-to-get-a-salesforce-b2c-commerce-cloud-sandbox.md,35,weak_link_text,warn,medium,here,Link text is too generic to stand alone reliably.,Replace the link text with a destination-specific label.
migration/output/content/posts/how-to-get-a-salesforce-b2c-commerce-cloud-sandbox.md,65,missing_alt_text,fail,critical,/media/2022/trailhead-academy-77b0322d57.jpeg,Markdown image is missing alt text.,"Provide descriptive alt text, or add an explicit decorative-image exception for this file and src."
migration/output/content/posts/how-to-get-salesforce-certification-vouchers.md,5,missing_alt_text,fail,critical,/media/2023/accreditations-vs-certifications-7c6224e505.png,Markdown image is missing alt text.,"Provide descriptive alt text, or add an explicit decorative-image exception for this file and src."
migration/output/content/posts/how-to-get-salesforce-certification-vouchers.md,15,missing_alt_text,fail,critical,/media/2023/partner-benefits-0de8d66c3b.png,Markdown image is missing alt text.,"Provide descriptive alt text, or add an explicit decorative-image exception for this file and src."
migration/output/content/posts/how-to-set-up-the-ecdn-in-sfcc-staging.md,3,weak_link_text,warn,medium,here,Link text is too generic to stand alone reliably.,Replace the link text with a destination-specific label.
migration/output/content/posts/how-to-set-up-the-ecdn-in-sfcc-staging.md,28,generic_alt_text,fail,high,"A screenshot of the Account Manager where the ""Salesforce Commerce API"" role is assigned with the staging environment filter.",Markdown image alt text is generic or filename-like.,Replace the placeholder alt text with a concise description of the image purpose.
migration/output/content/posts/how-to-set-up-the-ecdn-in-sfcc-staging.md,38,generic_alt_text,fail,high,"A screenshot of the Business Manager ""Salesforce Commerce API Settings"" screen showing the Short Code and Organization ID needed for the staging ecdn.",Markdown image alt text is generic or filename-like.,Replace the placeholder alt text with a concise description of the image purpose.
migration/output/content/posts/image-ine-sfcc-dis-for-developers.md,30,generic_alt_text,fail,high,"A cartoon illustration of a developer shaking hands with a friendly, anthropomorphic cloud icon, as small, optimized images happily flow between them towards an e-commerce storefront. This symbolizes a strong, collaborative, and efficient relationship with the Dynamic Image Service.",Markdown image alt text is generic or filename-like.,Replace the placeholder alt text with a concise description of the image purpose.
migration/output/content/posts/image-ine-sfcc-dis-for-developers.md,210,generic_alt_text,fail,high,"A cartoon illustration showing a fork in the road. One path leads to a cloud labeled ""Dynamic Image Service (DIS),"" and the other, larger path, leads to icons representing a ""Third Party CDN/DAM"" and ""Digital Asset Management System."" A developer character is pointing towards the CDN/DAM path, indicating a choice for image management solutions.",Markdown image alt text is generic or filename-like.,Replace the placeholder alt text with a concise description of the image purpose.
migration/output/content/posts/it-sure-has-been-quiet-on-this-blog.md,36,missing_alt_text,fail,critical,/media/2024/fastforward-storybook-7ad70ee20d.jpg,Markdown image is missing alt text.,"Provide descriptive alt text, or add an explicit decorative-image exception for this file and src."
migration/output/content/posts/lag-to-riches-a-pwa-kit-developers-guide.md,214,table_missing_header_divider,warn,medium,| --- | --- | --- | --- |,Possible GFM table is missing a header divider row.,Add a Markdown table divider row such as | --- | --- |.
migration/output/content/posts/lets-go-live-customer-migration.md,19,missing_alt_text,fail,critical,/media/2022/data-breach-7096540e7a.jpg,Markdown image is missing alt text.,"Provide descriptive alt text, or add an explicit decorative-image exception for this file and src."
migration/output/content/posts/lets-go-live-customer-migration.md,35,missing_alt_text,fail,critical,/media/2022/robot-monitoring-a-screen-4af85584a4.jpg,Markdown image is missing alt text.,"Provide descriptive alt text, or add an explicit decorative-image exception for this file and src."
migration/output/content/posts/lets-go-live-ecdn.md,127,generic_alt_text,fail,high,"A screenshot of the eCDN configuration in the BM for the ""my-domain.com"" website.",Markdown image alt text is generic or filename-like.,Replace the placeholder alt text with a concise description of the image purpose.
migration/output/content/posts/lets-go-live-ecdn.md,193,generic_alt_text,fail,high,Speed settings for minification and image optimization.,Markdown image alt text is generic or filename-like.,Replace the placeholder alt text with a concise description of the image purpose.
migration/output/content/posts/leveraging-generic-mappings-in-sfcc.md,70,generic_alt_text,fail,high,"A screenshot of a job with one job step ""ImportKeyValueMapping"" with the configuration described below this image.",Markdown image alt text is generic or filename-like.,Replace the placeholder alt text with a concise description of the image purpose.
migration/output/content/posts/life-is-about-choices.md,23,generic_alt_text,fail,high,"A visualisation of the life you see and the life you don't. A man happy at work on the left, but in a mirror image unhappy at home, because not all choices have a happy ending.",Markdown image alt text is generic or filename-like.,Replace the placeholder alt text with a concise description of the image purpose.
migration/output/content/posts/mail-attachments-in-b2c-commerce-cloud.md,9,weak_link_text,warn,medium,here,Link text is too generic to stand alone reliably.,Replace the link text with a destination-specific label.
migration/output/content/posts/mail-attachments-in-b2c-commerce-cloud.md,367,generic_alt_text,fail,high,A screenshot of the quota limit surround string length in Salesforce Commerce CLoud.,Markdown image alt text is generic or filename-like.,Replace the placeholder alt text with a concise description of the image purpose.
migration/output/content/posts/mastering-sitemaps-in-sfcc.md,65,table_missing_header_divider,warn,medium,| --- | --- | --- | --- |,Possible GFM table is missing a header divider row.,Add a Markdown table divider row such as | --- | --- |.
migration/output/content/posts/mastering-sitemaps-in-sfcc.md,66,table_missing_header_divider,warn,medium,"| Manual Upload | One-offs, testing | UI in Business Manager | Quick and dirty |",Possible GFM table is missing a header divider row.,Add a Markdown table divider row such as | --- | --- |.
migration/output/content/posts/mastering-sitemaps-in-sfcc.md,67,table_missing_header_divider,warn,medium,| Script API Job | Batch processes such as nightly sync | Custom job step using dw.sitemap.SitemapMgr | Classic and reliable |,Possible GFM table is missing a header divider row.,Add a Markdown table divider row such as | --- | --- |.
migration/output/content/posts/mastering-sitemaps-in-sfcc.md,68,table_missing_header_divider,warn,medium,"| SCAPI Endpoint | Real-time, event-driven integrations | PUT request to the Shopper SEO API | Modern and agile |",Possible GFM table is missing a header divider row.,Add a Markdown table divider row such as | --- | --- |.
migration/output/content/posts/navigating-dates-calendars-in-sfcc.md,793,generic_alt_text,fail,high,"A screenshot of the documentation with the following text: ""WARNING: Keep in mind that the given Date object is always interpreted in the time zone GMT. This means time zone information at the calendar object needs to be set separately by using the setTimeZone(String) method.""",Markdown image alt text is generic or filename-like.,Replace the placeholder alt text with a concise description of the image purpose.
migration/output/content/posts/navigating-dates-calendars-in-sfcc.md,797,generic_alt_text,fail,high,"A screenshot of a warning inside of the documentation: ""Keep in mind that the returned Date object's time is always interpreted in the time zone GMT. This means time zone information set at the calendar object will not be honored and gets lost.""",Markdown image alt text is generic or filename-like.,Replace the placeholder alt text with a concise description of the image purpose.
migration/output/content/posts/non-technical-sfcc-certifications.md,39,missing_alt_text,fail,critical,/media/2022/business-analyst-scaled-e1656834912690-1350424ea9.jpg,Markdown image is missing alt text.,"Provide descriptive alt text, or add an explicit decorative-image exception for this file and src."
migration/output/content/posts/non-technical-sfcc-certifications.md,91,missing_alt_text,fail,critical,/media/2022/sales-25d69d411e.jpg,Markdown image is missing alt text.,"Provide descriptive alt text, or add an explicit decorative-image exception for this file and src."
migration/output/content/posts/reflecting-on-2-years-of-blogging.md,47,missing_alt_text,fail,critical,/media/2024/1601710443407-d2c723ac02.jpeg,Markdown image is missing alt text.,"Provide descriptive alt text, or add an explicit decorative-image exception for this file and src."
migration/output/content/posts/salesforce-b2c-commerce-cloud-22-10.md,30,weak_link_text,warn,medium,here,Link text is too generic to stand alone reliably.,Replace the link text with a destination-specific label.
migration/output/content/posts/salesforce-b2c-commerce-cloud-22-8.md,58,generic_alt_text,fail,high,Superhero-style image underscoring the responsibility that comes with higher HTTPClient limits.,Markdown image alt text is generic or filename-like.,Replace the placeholder alt text with a concise description of the image purpose.
migration/output/content/posts/salesforce-b2c-commerce-cloud-22-8.md,245,table_missing_header_divider,warn,medium,| --- | --- |,Possible GFM table is missing a header divider row.,Add a Markdown table divider row such as | --- | --- |.
migration/output/content/posts/salesforce-b2c-commerce-cloud-22-8.md,246,table_missing_header_divider,warn,medium,| getPasswordResetToken | Request a reset password token |,Possible GFM table is missing a header divider row.,Add a Markdown table divider row such as | --- | --- |.
migration/output/content/posts/salesforce-b2c-commerce-cloud-22-9-release.md,3,weak_link_text,warn,medium,Click here,Link text is too generic to stand alone reliably.,Replace the link text with a destination-specific label.
migration/output/content/posts/salesforce-b2c-commerce-cloud-22-9-release.md,9,missing_alt_text,fail,critical,/media/2022/upload-limit-relaxed-stonks-meme-f8e9bd0b5b.jpg,Markdown image is missing alt text.,"Provide descriptive alt text, or add an explicit decorative-image exception for this file and src."
migration/output/content/posts/salesforce-b2c-commerce-cloud-22-9-release.md,39,missing_alt_text,fail,critical,/media/2022/venmo-d5992ec262.jpg,Markdown image is missing alt text.,"Provide descriptive alt text, or add an explicit decorative-image exception for this file and src."
migration/output/content/posts/salesforce-b2c-commerce-cloud-23-10-release-a-comprehensive-overview.md,1,weak_link_text,warn,medium,Click here,Link text is too generic to stand alone reliably.,Replace the link text with a destination-specific label.
migration/output/content/posts/salesforce-b2c-commerce-cloud-23-10-release-a-comprehensive-overview.md,32,generic_alt_text,fail,high,A screenshot of the new eCDN screen in the 23.10 release of Salesforce B2C Commerce Cloud,Markdown image alt text is generic or filename-like.,Replace the placeholder alt text with a concise description of the image purpose.
migration/output/content/posts/salesforce-b2c-commerce-cloud-23-2.md,3,weak_link_text,warn,medium,Click here,Link text is too generic to stand alone reliably.,Replace the link text with a destination-specific label.
migration/output/content/posts/salesforce-b2c-commerce-cloud-23-2.md,9,missing_alt_text,fail,critical,/media/2023/page-designer-structure-oldv2-56ca8ab276.jpeg,Markdown image is missing alt text.,"Provide descriptive alt text, or add an explicit decorative-image exception for this file and src."
migration/output/content/posts/salesforce-b2c-commerce-cloud-23-2.md,25,missing_alt_text,fail,critical,/media/2023/page-designer-move-e9d6ec4100.gif,Markdown image is missing alt text.,"Provide descriptive alt text, or add an explicit decorative-image exception for this file and src."
migration/output/content/posts/salesforce-b2c-commerce-cloud-catalog-erd.md,7,missing_alt_text,fail,critical,/media/2023/salesforce-b2c-commerce-cloud-diagram-product-catalog-erd-1-786d548825.png,Markdown image is missing alt text.,"Provide descriptive alt text, or add an explicit decorative-image exception for this file and src."
migration/output/content/posts/salesforce-b2c-commerce-cloud-content-erd.md,7,missing_alt_text,fail,critical,/media/2023/salesforce-b2c-commerce-cloud-diagram-content-erd-1-9255609590.png,Markdown image is missing alt text.,"Provide descriptive alt text, or add an explicit decorative-image exception for this file and src."
migration/output/content/posts/salesforce-b2c-commerce-cloud-customer-erd.md,7,missing_alt_text,fail,critical,/media/2023/salesforce-b2c-commerce-cloud-diagram-customer-erd-0511da2fc0.png,Markdown image is missing alt text.,"Provide descriptive alt text, or add an explicit decorative-image exception for this file and src."
migration/output/content/posts/salesforce-b2c-commerce-cloud-documentation.md,31,table_missing_header_divider,warn,medium,| --- | --- | --- |,Possible GFM table is missing a header divider row.,Add a Markdown table divider row such as | --- | --- |.
migration/output/content/posts/salesforce-b2c-commerce-cloud-documentation.md,32,table_missing_header_divider,warn,medium,| B2C Commerce Release Notes | Administrator & Developer | [https://help.salesforce.com/s/articleView?id=sf.b2c\_rn\_release\_notes.htm&type=5](https://help.salesforce.com/s/articleView?id=sf.b2c_rn_release_notes.htm&type=5) |,Possible GFM table is missing a header divider row.,Add a Markdown table divider row such as | --- | --- |.
migration/output/content/posts/salesforce-b2c-commerce-cloud-documentation.md,33,table_missing_header_divider,warn,medium,| Developing Your Site | Developer | [https://developer.salesforce.com/docs/commerce/b2c-commerce/overview](https://developer.salesforce.com/docs/commerce/b2c-commerce/overview) |,Possible GFM table is missing a header divider row.,Add a Markdown table divider row such as | --- | --- |.
migration/output/content/posts/salesforce-b2c-commerce-cloud-documentation.md,34,table_missing_header_divider,warn,medium,| Open Commerce API (OCAPI) | Developer | [https://developer.salesforce.com/docs/commerce/b2c-commerce/guide/api-doc.html](https://developer.salesforce.com/docs/commerce/b2c-commerce/guide/api-doc.html) |,Possible GFM table is missing a header divider row.,Add a Markdown table divider row such as | --- | --- |.
migration/output/content/posts/salesforce-b2c-commerce-cloud-documentation.md,35,table_missing_header_divider,warn,medium,| B2C Commerce API (Script API) | Developer | [https://salesforcecommercecloud.github.io/b2c-dev-doc/](https://salesforcecommercecloud.github.io/b2c-dev-doc/) |,Possible GFM table is missing a header divider row.,Add a Markdown table divider row such as | --- | --- |.
migration/output/content/posts/salesforce-b2c-commerce-cloud-documentation.md,36,table_missing_header_divider,warn,medium,| Merchandising Your Site | Administrator & Merchandiser | [https://help.salesforce.com/s/articleView?id=cc.b2c\_merchandising.htm&type=5](https://help.salesforce.com/s/articleView?id=cc.b2c_merchandising.htm&type=5) |,Possible GFM table is missing a header divider row.,Add a Markdown table divider row such as | --- | --- |.
migration/output/content/posts/salesforce-b2c-commerce-cloud-documentation.md,37,table_missing_header_divider,warn,medium,| Administering Your Organization | Administrator & Merchandiser | [https://help.salesforce.com/s/articleView?id=cc.b2c\_administering.htm&type=5](https://help.salesforce.com/s/articleView?id=cc.b2c_administering.htm&type=5) |,Possible GFM table is missing a header divider row.,Add a Markdown table divider row such as | --- | --- |.
migration/output/content/posts/salesforce-b2c-commerce-cloud-documentation.md,38,table_missing_header_divider,warn,medium,| B2C Commerce Security Guide | Administrator & Developer | [https://help.salesforce.com/s/articleView?id=sf.b2c\_security\_guide.htm&type=5](https://help.salesforce.com/s/articleView?id=sf.b2c_security_guide.htm&type=5) |,Possible GFM table is missing a header divider row.,Add a Markdown table divider row such as | --- | --- |.
migration/output/content/posts/salesforce-b2c-commerce-cloud-documentation.md,74,table_missing_header_divider,warn,medium,| --- | --- |,Possible GFM table is missing a header divider row.,Add a Markdown table divider row such as | --- | --- |.
migration/output/content/posts/salesforce-b2c-commerce-cloud-documentation.md,75,table_missing_header_divider,warn,medium,| **Mastering the Dev Environment** | [https://trailhead.salesforce.com/content/learn/modules/cc-digital-for-developers](https://trailhead.salesforce.com/content/learn/modules/cc-digital-for-developers) |,Possible GFM table is missing a header divider row.,Add a Markdown table divider row such as | --- | --- |.
migration/output/content/posts/salesforce-b2c-commerce-cloud-documentation.md,76,table_missing_header_divider,warn,medium,| **Architectural Foundation** | [https://trailhead.salesforce.com/en/content/learn/trails/build-your-career-as-a-salesforce-b2c-commerce-technical-architect](https://trailhead.salesforce.com/content/learn/modules/architecture-of-sf-b2c-commerce) |,Possible GFM table is missing a header divider row.,Add a Markdown table divider row such as | --- | --- |.
migration/output/content/posts/salesforce-b2c-commerce-cloud-documentation.md,77,table_missing_header_divider,warn,medium,| **Headless Development** | [https://trailhead.salesforce.com/en/content/learn/modules/b2c-headless-commerce-basics](https://trailhead.salesforce.com/content/learn/modules/headless-commerce-basics) |,Possible GFM table is missing a header divider row.,Add a Markdown table divider row such as | --- | --- |.
migration/output/content/posts/salesforce-b2c-commerce-cloud-documentation.md,78,table_missing_header_divider,warn,medium,| **On-Demand Sandboxes** | [https://trailhead.salesforce.com/content/learn/modules/b2c-on-demand-sandbox](https://trailhead.salesforce.com/content/learn/modules/b2c-on-demand-sandbox) |,Possible GFM table is missing a header divider row.,Add a Markdown table divider row such as | --- | --- |.
migration/output/content/posts/salesforce-b2c-commerce-cloud-documentation.md,83,missing_alt_text,fail,critical,/media/2022/5b7a39ea-b9bc-486b-9ca3-c77ab5a306b1-e1653998526739-e73418c862.jpeg,Markdown image is missing alt text.,"Provide descriptive alt text, or add an explicit decorative-image exception for this file and src."
migration/output/content/posts/salesforce-b2c-commerce-cloud-november-2022-updates.md,111,weak_link_text,warn,medium,here,Link text is too generic to stand alone reliably.,Replace the link text with a destination-specific label.
migration/output/content/posts/salesforce-b2c-commerce-cloud-october-updates.md,7,missing_alt_text,fail,critical,/media/2022/slas-trusted-agent-099b4e2206.png,Markdown image is missing alt text.,"Provide descriptive alt text, or add an explicit decorative-image exception for this file and src."
migration/output/content/posts/salesforce-b2c-commerce-cloud-the-22-7-release.md,3,weak_link_text,warn,medium,Click here,Link text is too generic to stand alone reliably.,Replace the link text with a destination-specific label.
migration/output/content/posts/salesforce-b2c-commerce-cloud-the-22-7-release.md,7,missing_alt_text,fail,critical,/media/2022/social-commerce-salesforce-a88048dff4.jpg,Markdown image is missing alt text.,"Provide descriptive alt text, or add an explicit decorative-image exception for this file and src."
migration/output/content/posts/salesforce-b2c-commerce-cloud-the-22-7-release.md,39,weak_link_text,warn,medium,here,Link text is too generic to stand alone reliably.,Replace the link text with a destination-specific label.
migration/output/content/posts/salesforce-connections-2024-and-sfcc.md,7,generic_alt_text,fail,high,A picture was taken from the very top of the stadium overlooking the concert podium given at Dreamforce in 2023.,Markdown image alt text is generic or filename-like.,Replace the placeholder alt text with a concise description of the image purpose.
migration/output/content/posts/salesforce-payments-experience-explained.md,5,missing_alt_text,fail,critical,/media/2023/salesforce-payments-business-manager-6773ef14af.webp,Markdown image is missing alt text.,"Provide descriptive alt text, or add an explicit decorative-image exception for this file and src."
migration/output/content/posts/salesforce-payments-experience-explained.md,51,missing_alt_text,fail,critical,/media/2023/salesforce-payments-7926558e4f.jpg,Markdown image is missing alt text.,"Provide descriptive alt text, or add an explicit decorative-image exception for this file and src."
migration/output/content/posts/secure-coding-in-salesforce-b2c-commerce-cloud.md,25,missing_alt_text,fail,critical,/media/2022/mfa-1-6649345f2c.jpg,Markdown image is missing alt text.,"Provide descriptive alt text, or add an explicit decorative-image exception for this file and src."
migration/output/content/posts/secure-coding-in-salesforce-b2c-commerce-cloud.md,203,missing_alt_text,fail,critical,/media/2022/npm-audit-ab1e401b03.png,Markdown image is missing alt text.,"Provide descriptive alt text, or add an explicit decorative-image exception for this file and src."
migration/output/content/posts/sending-emails-from-sfcc.md,15,missing_alt_text,fail,critical,/media/2024/a-mail-across-the-year-15b12cb7bc.jpg,Markdown image is missing alt text.,"Provide descriptive alt text, or add an explicit decorative-image exception for this file and src."
migration/output/content/posts/sending-emails-from-sfcc.md,114,weak_link_text,warn,medium,here,Link text is too generic to stand alone reliably.,Replace the link text with a destination-specific label.
migration/output/content/posts/sending-emails-from-sfcc.md,118,generic_alt_text,fail,high,"A screenshot of the ""Administration > Operations > Email Settings"" screen, which enables administrators to configure custom email and DKIM settings.",Markdown image alt text is generic or filename-like.,Replace the placeholder alt text with a concise description of the image purpose.
migration/output/content/posts/sfcc-24-1-release-a-new-year-update.md,3,weak_link_text,warn,medium,Click here,Link text is too generic to stand alone reliably.,Replace the link text with a destination-specific label.
migration/output/content/posts/sfcc-24-1-release-a-new-year-update.md,9,generic_alt_text,fail,high,A screenshot of the Email Settings in the Business Manager showing the new DKIM Checkbox,Markdown image alt text is generic or filename-like.,Replace the placeholder alt text with a concise description of the image purpose.
migration/output/content/posts/sfcc-basket-order-erd.md,7,missing_alt_text,fail,critical,/media/2023/salesforce-b2c-commerce-cloud-diagram-basket-order-erdv2-3a4ba08328.png,Markdown image is missing alt text.,"Provide descriptive alt text, or add an explicit decorative-image exception for this file and src."
migration/output/content/posts/sfcc-basket-order-erd.md,35,weak_link_text,warn,medium,here,Link text is too generic to stand alone reliably.,Replace the link text with a destination-specific label.
migration/output/content/posts/should-i-get-javascript-developer-i-certified.md,9,missing_alt_text,fail,critical,/media/2022/superbadge-prerequisites-34c7470102.png,Markdown image is missing alt text.,"Provide descriptive alt text, or add an explicit decorative-image exception for this file and src."
migration/output/content/posts/simplifying-the-salesforce-order-of-execution.md,5,missing_alt_text,fail,critical,/media/2023/order-of-execution-simplified-apex-api-v56-0-23130ad657.png,Markdown image is missing alt text.,"Provide descriptive alt text, or add an explicit decorative-image exception for this file and src."
migration/output/content/posts/simplifying-the-salesforce-order-of-execution.md,54,missing_alt_text,fail,critical,/media/2023/order-of-execution-simplified-apex-api-v56-0-23130ad657.png,Markdown image is missing alt text.,"Provide descriptive alt text, or add an explicit decorative-image exception for this file and src."
migration/output/content/posts/slicing-versus-variation-groups-in-sfcc.md,41,generic_alt_text,fail,high,"A screenshot of the ProductSearchHit script documentation with the following message below slicing: ""Deprecated: Please use HIT_TYPE_VARIATION_GROUP instead.""",Markdown image alt text is generic or filename-like.,Replace the placeholder alt text with a concise description of the image purpose.
migration/output/content/posts/slicing-versus-variation-groups-in-sfcc.md,47,generic_alt_text,fail,high,"A screenshot of the quota limit for variations in SFCC: The Variations per Base Product object relation quota consists of: Log file ID: object.ProductPO.relation.variationProductAssignmentPOs Description: The maximum number of variations for a base product. Limit: 1,000 (warning at 600)",Markdown image alt text is generic or filename-like.,Replace the placeholder alt text with a concise description of the image purpose.
migration/output/content/posts/storefront-protection-in-the-pwa-kit.md,18,generic_alt_text,fail,high,"A screenshot of the business manager on the ""Site Status"" page, with a user clicking the",Markdown image alt text is generic or filename-like.,Replace the placeholder alt text with a concise description of the image purpose.
migration/output/content/posts/storefront-protection-in-the-pwa-kit.md,22,generic_alt_text,fail,high,A screenshot displaying the new field along with a description of the information that appears after selecting the protected option.,Markdown image alt text is generic or filename-like.,Replace the placeholder alt text with a concise description of the image purpose.
migration/output/content/posts/submit-multipart-form-data-to-a-third-party-service-in-sfcc.md,54,missing_alt_text,fail,critical,/media/2022/form-service-1-e901798db6.png,Markdown image is missing alt text.,"Provide descriptive alt text, or add an explicit decorative-image exception for this file and src."
migration/output/content/posts/submitting-a-file-to-a-third-party-service-in-sfcc.md,54,missing_alt_text,fail,critical,/media/2022/administration-operations-services-ecba1de963.jpg,Markdown image is missing alt text.,"Provide descriptive alt text, or add an explicit decorative-image exception for this file and src."
migration/output/content/posts/submitting-a-file-to-a-third-party-service-in-sfcc.md,54,missing_alt_text,fail,critical,/media/2022/test-http-post-service-be40e7ba49.jpeg,Markdown image is missing alt text.,"Provide descriptive alt text, or add an explicit decorative-image exception for this file and src."
migration/output/content/posts/the-attribute-fallback-system-in-sfcc.md,43,missing_alt_text,fail,critical,/media/2024/variation-model-fallback-in-code-docs-1-ba4d97c55f.jpg,Markdown image is missing alt text.,"Provide descriptive alt text, or add an explicit decorative-image exception for this file and src."
migration/output/content/posts/the-createorders-api-in-sfcc.md,40,missing_alt_text,fail,critical,/media/2023/slas-ts-ext-on-behalf-of-authentication-3803569585.jpg,Markdown image is missing alt text.,"Provide descriptive alt text, or add an explicit decorative-image exception for this file and src."
migration/output/content/posts/the-deprecation-of-the-uuid-token-for-api-clients.md,18,missing_alt_text,fail,critical,/media/2022/account-manager-api-client-token-format-808bcccc72.jpg,Markdown image is missing alt text.,"Provide descriptive alt text, or add an explicit decorative-image exception for this file and src."
migration/output/content/posts/the-importance-of-origin-shielding.md,15,generic_alt_text,fail,high,"A dramatic image of a superhero in front of a server, protecting it from a ""bad"" actor in the shadows.",Markdown image alt text is generic or filename-like.,Replace the placeholder alt text with a concise description of the image purpose.
migration/output/content/posts/the-importance-of-origin-shielding.md,27,generic_alt_text,fail,high,A screenshot of the Cloudflare Origin Shielding error shows that the user has been blocked.,Markdown image alt text is generic or filename-like.,Replace the placeholder alt text with a concise description of the image purpose.
migration/output/content/posts/the-journey-from-developer-to-architect.md,15,missing_alt_text,fail,critical,/media/2024/solution-architect-4a4b8fdff7.jpg,Markdown image is missing alt text.,"Provide descriptive alt text, or add an explicit decorative-image exception for this file and src."
migration/output/content/posts/the-journey-from-developer-to-architect.md,35,missing_alt_text,fail,critical,/media/2024/salesforce-technical-architect-01186ac1bd.jpg,Markdown image is missing alt text.,"Provide descriptive alt text, or add an explicit decorative-image exception for this file and src."
migration/output/content/posts/the-latest-in-sfcc-version-24-7.md,3,weak_link_text,warn,medium,Click here,Link text is too generic to stand alone reliably.,Replace the link text with a destination-specific label.
migration/output/content/posts/the-latest-in-sfcc-version-24-7.md,139,heading_level_skip,warn,medium,h2 -> h4,Heading hierarchy skips a level.,Use sequential heading levels unless a repeated page region justifies the jump.
migration/output/content/posts/the-move-from-on-site-to-remote.md,64,missing_alt_text,fail,critical,/media/2022/remote-working-e716e903ff.png,Markdown image is missing alt text.,"Provide descriptive alt text, or add an explicit decorative-image exception for this file and src."
migration/output/content/posts/the-move-from-on-site-to-remote.md,80,generic_alt_text,fail,high,Obligatory proud-parent photo required,Markdown image alt text is generic or filename-like.,Replace the placeholder alt text with a concise description of the image purpose.
migration/output/content/posts/the-move-from-sitegenesis-and-sfra-to-the-composable-storefront-as-a-developer.md,15,generic_alt_text,fail,high,"A visual representation of playing with your developer knowledge, and using it to your advantage. The image shows you using your hands with a controller to use your brain.",Markdown image alt text is generic or filename-like.,Replace the placeholder alt text with a concise description of the image purpose.
migration/output/content/posts/the-realm-split-field-guide-to-migrating-an-sfcc-site.md,87,table_missing_header_divider,warn,medium,| --- | --- | --- | --- |,Possible GFM table is missing a header divider row.,Add a Markdown table divider row such as | --- | --- |.
migration/output/content/posts/the-realm-split-field-guide-to-migrating-an-sfcc-site.md,88,table_missing_header_divider,warn,medium,"| Product Catalog | Continuous in the old and new realms | Includes products, categories, assignments, and sorting rules. Relatively low risk. | Dev Team / Merchandising |",Possible GFM table is missing a header divider row.,Add a Markdown table divider row such as | --- | --- |.
migration/output/content/posts/the-realm-split-field-guide-to-migrating-an-sfcc-site.md,89,table_missing_header_divider,warn,medium,| Price Books | Continuous in the old and new realms | Ensure all relevant price books are included. Test pricing thoroughly post-import. | Dev Team / Merchandising |,Possible GFM table is missing a header divider row.,Add a Markdown table divider row such as | --- | --- |.
migration/output/content/posts/the-realm-split-field-guide-to-migrating-an-sfcc-site.md,90,table_missing_header_divider,warn,medium,"| Content Assets & Libraries | Manual syncs at pre-defined moments | Includes content assets, folders, and library assignments. | Dev Team / Content Team |",Possible GFM table is missing a header divider row.,Add a Markdown table divider row such as | --- | --- |.
migration/output/content/posts/the-realm-split-field-guide-to-migrating-an-sfcc-site.md,91,table_missing_header_divider,warn,medium,| Slot Configurations | Manual syncs at pre-defined moments | Verify slot configurations on all page types post-import. | Dev Team / Merchandising |,Possible GFM table is missing a header divider row.,Add a Markdown table divider row such as | --- | --- |.
migration/output/content/posts/the-realm-split-field-guide-to-migrating-an-sfcc-site.md,92,table_missing_header_divider,warn,medium,"| Promotions & Campaigns | Manual syncs at pre-defined moments | Includes promotion definitions, campaigns, and customer groups. | Dev Team / Marketing |",Possible GFM table is missing a header divider row.,Add a Markdown table divider row such as | --- | --- |.
migration/output/content/posts/the-realm-split-field-guide-to-migrating-an-sfcc-site.md,93,table_missing_header_divider,warn,medium,| Custom Objects | Manual syncs at pre-defined moments | Export definitions via Site Export. Migrate data using custom jobs with dw.io classes. | Dev Team |,Possible GFM table is missing a header divider row.,Add a Markdown table divider row such as | --- | --- |.
migration/output/content/posts/the-realm-split-field-guide-to-migrating-an-sfcc-site.md,94,table_missing_header_divider,warn,medium,"| Site Preferences & Metadata | Manual syncs at pre-defined moments | Many settings are included in site export, but some such as sequence numbers must be manually configured and verified. | Dev Team |",Possible GFM table is missing a header divider row.,Add a Markdown table divider row such as | --- | --- |.
migration/output/content/posts/the-realm-split-field-guide-to-migrating-an-sfcc-site.md,95,table_missing_header_divider,warn,medium,"| Customer Profiles | Complete migration 1-2 weeks before the go-live, delta during and after | Critical PII risk: set the Customer Sequence Number in the new realm above the highest imported customer number to prevent duplicate IDs and data exposure. | Dev Team |",Possible GFM table is missing a header divider row.,Add a Markdown table divider row such as | --- | --- |.
migration/output/content/posts/the-realm-split-field-guide-to-migrating-an-sfcc-site.md,96,table_missing_header_divider,warn,medium,"| Customer Passwords | Part of the Customer Profiles | Passwords are encrypted, but can be exported and imported into different realms without Salesforce intervention. | Dev Team |",Possible GFM table is missing a header divider row.,Add a Markdown table divider row such as | --- | --- |.
migration/output/content/posts/the-realm-split-field-guide-to-migrating-an-sfcc-site.md,97,table_missing_header_divider,warn,medium,"| Order History | Complete migration 1-2 weeks before the go-live, delta during and after | You can export and import orders yourself as long as the site is not marked live. Import customers first so order-to-customer links are preserved. For a live site, Salesforce Support must perform the order migration with at least 10 working days' notice. | Dev Team / Salesforce Support |",Possible GFM table is missing a header divider row.,Add a Markdown table divider row such as | --- | --- |.
migration/output/content/posts/the-realm-split-field-guide-to-migrating-an-sfcc-site.md,98,table_missing_header_divider,warn,medium,| System-Generated Coupons | Salesforce Support Ticket | Existing coupon seeds must be migrated by Salesforce Support so issued coupons remain valid. | Salesforce Support |,Possible GFM table is missing a header divider row.,Add a Markdown table divider row such as | --- | --- |.
migration/output/content/posts/the-request-body-in-an-sfcc-controller.md,53,missing_alt_text,fail,critical,/media/2023/security-check-border-api-security-5695d3d810.jpg,Markdown image is missing alt text.,"Provide descriptive alt text, or add an explicit decorative-image exception for this file and src."
migration/output/content/posts/the-salesforce-b2c-commerce-cloud-environment.md,11,missing_alt_text,fail,critical,/media/2022/system-overview-systems-v2-96d8264c0f.jpeg,Markdown image is missing alt text.,"Provide descriptive alt text, or add an explicit decorative-image exception for this file and src."
migration/output/content/posts/the-salesforce-b2c-commerce-cloud-environment.md,79,missing_alt_text,fail,critical,/media/2022/system-overview-journey-of-a-request-de0673b3bd.jpeg,Markdown image is missing alt text.,"Provide descriptive alt text, or add an explicit decorative-image exception for this file and src."
migration/output/content/posts/the-state-of-ohana-for-salesforce-commerce-cloud.md,56,generic_alt_text,fail,high,A screenshot of Account Manager roles & permissions showing the old Xchange.,Markdown image alt text is generic or filename-like.,Replace the placeholder alt text with a concise description of the image purpose.
migration/output/content/posts/trailblazerdx-2022-for-b2c-commerce.md,96,weak_link_text,warn,medium,here,Link text is too generic to stand alone reliably.,Replace the link text with a destination-specific label.
migration/output/content/posts/trailblazerdx-2022-for-b2c-commerce.md,127,missing_alt_text,fail,critical,/media/2022/weezer-66533fada7.png,Markdown image is missing alt text.,"Provide descriptive alt text, or add an explicit decorative-image exception for this file and src."
migration/output/content/posts/trailblazerdx-2022-for-b2c-commerce.md,135,heading_level_skip,warn,medium,h2 -> h4,Heading hierarchy skips a level.,Use sequential heading levels unless a repeated page region justifies the jump.
migration/output/content/posts/understanding-locale-fallback-in-sfcc.md,34,generic_alt_text,fail,high,A screenshot showing the locale config in 'Administration > Global Preferences > Locales',Markdown image alt text is generic or filename-like.,Replace the placeholder alt text with a concise description of the image purpose.
migration/output/content/posts/understanding-locale-fallback-in-sfcc.md,52,generic_alt_text,fail,high,Screenshot of the locale fallback for en-GB,Markdown image alt text is generic or filename-like.,Replace the placeholder alt text with a concise description of the image purpose.
migration/output/content/posts/understanding-sfcc-instances.md,3,missing_alt_text,fail,critical,/media/2023/pod-realm-and-instances-transparent-65c6b4e389.png,Markdown image is missing alt text.,"Provide descriptive alt text, or add an explicit decorative-image exception for this file and src."
migration/output/content/posts/understanding-sfcc-instances.md,55,missing_alt_text,fail,critical,/media/2023/woman-developer-working-on-a-project-1-4710b72058.jpeg,Markdown image is missing alt text.,"Provide descriptive alt text, or add an explicit decorative-image exception for this file and src."
migration/output/content/posts/unravelling-the-mystery-of-dates-in-the-ocapi.md,33,generic_alt_text,fail,high,An image showing calendars with dates and a measure on a wooden table.,Markdown image alt text is generic or filename-like.,Replace the placeholder alt text with a concise description of the image purpose.
migration/output/content/posts/what-does-the-composable-storefront-mean-for-sfcc-developers.md,5,generic_alt_text,fail,high,Image depicting 120 years of Moore’s Law,Markdown image alt text is generic or filename-like.,Replace the placeholder alt text with a concise description of the image purpose.
migration/output/content/posts/what-does-the-composable-storefront-mean-for-sfcc-developers.md,22,missing_alt_text,fail,critical,/media/2023/salesforce-commerce-cloud-monolith-e3f50eb05b.jpg,Markdown image is missing alt text.,"Provide descriptive alt text, or add an explicit decorative-image exception for this file and src."
migration/output/content/posts/what-is-new-in-sfcc-24-6.md,3,weak_link_text,warn,medium,Click here,Link text is too generic to stand alone reliably.,Replace the link text with a destination-specific label.
migration/output/content/posts/what-is-new-in-sfcc-24-6.md,45,missing_alt_text,fail,critical,/media/2024/search-query-testing-tool-sfcc-8fb16cf218.jpg,Markdown image is missing alt text.,"Provide descriptive alt text, or add an explicit decorative-image exception for this file and src."
migration/output/content/posts/what-is-new-in-the-23-8-commerce-cloud-release.md,3,weak_link_text,warn,medium,Click here,Link text is too generic to stand alone reliably.,Replace the link text with a destination-specific label.
migration/output/content/posts/what-is-new-in-the-23-8-commerce-cloud-release.md,66,generic_alt_text,fail,high,"A screenshot showing how Salesforce Identity allows you to log in with other services, which is part of the updates in 23.8",Markdown image alt text is generic or filename-like.,Replace the placeholder alt text with a concise description of the image purpose.
migration/output/content/posts/what-is-oci-omnichannel-inventory.md,7,generic_alt_text,fail,high,"A screenshot of a Quip document depicting the highlighted text ""OCI is available to all B2C Commerce customers at no additional cost although there is a provisioning process"".",Markdown image alt text is generic or filename-like.,Replace the placeholder alt text with a concise description of the image purpose.
migration/output/content/posts/what-is-oci-omnichannel-inventory.md,26,missing_alt_text,fail,critical,/media/2022/omnichannel-inventory-0b29da8f29.png,Markdown image is missing alt text.,"Provide descriptive alt text, or add an explicit decorative-image exception for this file and src."
migration/output/content/posts/what-is-the-sfcc-managed-runtime.md,13,generic_alt_text,fail,high,"A screenshot of the Managed Runtime showing the Organization ""Salesforce Internal"" with two projects called ""sampleproject"" and ""projectx"".",Markdown image alt text is generic or filename-like.,Replace the placeholder alt text with a concise description of the image purpose.
migration/output/content/posts/where-is-the-new-sfcc-documentation.md,85,generic_alt_text,fail,high,A screenshot of Dash showing the B2C Commerce Cloud API documentation.,Markdown image alt text is generic or filename-like.,Replace the placeholder alt text with a concise description of the image purpose.
migration/output/content/posts/where-to-start-when-you-are-new-to-salesforce-b2c-commerce-cloud-development.md,39,missing_alt_text,fail,critical,/media/2023/sfcc-unofficial-slack-c73cdc0350.png,Markdown image is missing alt text.,"Provide descriptive alt text, or add an explicit decorative-image exception for this file and src."
migration/output/content/posts/why-circumventing-sfcc-quota-limits-is-a-bad-idea.md,130,generic_alt_text,fail,high,A screenshot of the Business Manager. The system is warning that the quota limit for the array size has been reached.,Markdown image alt text is generic or filename-like.,Replace the placeholder alt text with a concise description of the image purpose.
