page_url,image_src,occurrence_index,original_alt,corrected_alt,source_file,status
/salesforce-b2c-commerce-cloud-erd/,/media/2023/salesforce-b2c-commerce-cloud-erd-0bdb8b007c.jpeg,1,,Full Salesforce B2C Commerce Cloud entity relationship diagram.,migration/output/content/pages/salesforce-b2c-commerce-cloud-erd.md,applied
/ai-einstein-in-salesforce-b2c-commerce-cloud/,/media/2022/cquotient-demandware-history-v2-942e794c7b.png,1,,Legacy CQuotient administration screen before the Einstein rebrand.,migration/output/content/posts/ai-einstein-in-salesforce-b2c-commerce-cloud.md,applied
/ai-einstein-in-salesforce-b2c-commerce-cloud/,/media/2022/einstein-cquotient-shared-database-6ab8c2ae5e.jpg,1,,Einstein Search Dictionaries Opt-In setting used to enable shared-data consent.,migration/output/content/posts/ai-einstein-in-salesforce-b2c-commerce-cloud.md,applied
/ai-einstein-in-salesforce-b2c-commerce-cloud/,/media/2022/sfcc-einstein-product-recommendations-75e024ae7c.jpg,1,,Einstein product recommendations rendered in a storefront experience.,migration/output/content/posts/ai-einstein-in-salesforce-b2c-commerce-cloud.md,applied
/ai-einstein-in-salesforce-b2c-commerce-cloud/,/media/2022/commerce-insights-report-c598e1214b.jpg,1,,Commerce Insights report showing shopper and basket trend data.,migration/output/content/posts/ai-einstein-in-salesforce-b2c-commerce-cloud.md,applied
/ai-einstein-in-salesforce-b2c-commerce-cloud/,/media/2022/einstein-search-dictionaries-suggestion-phrases-467a548c85.jpg,1,,Einstein search dictionaries suggesting phrases and synonym refinements.,migration/output/content/posts/ai-einstein-in-salesforce-b2c-commerce-cloud.md,applied
/ai-einstein-in-salesforce-b2c-commerce-cloud/,/media/2022/sfcc-category-page-3297251518.jpg,1,,Category page showing products reordered by predictive sort.,migration/output/content/posts/ai-einstein-in-salesforce-b2c-commerce-cloud.md,applied
/ai-einstein-in-salesforce-b2c-commerce-cloud/,/media/2022/sfcc-search-suggestions-d172038c0b.jpg,1,,Search box suggestions generated by Einstein as the shopper types.,migration/output/content/posts/ai-einstein-in-salesforce-b2c-commerce-cloud.md,applied
/custom-ttf-fonts-in-pdf-for-sfcc/,/media/2023/custom-font-result-df8aa2e64b.png,1,A screenshot of a generated PDF showing different fonts.,Generated PDF preview showing multiple custom fonts rendered in the output.,migration/output/content/posts/custom-ttf-fonts-in-pdf-for-sfcc.md,applied
/field-guide-to-custom-caches-in-sfcc/,/media/2025/salesforce-commerce-cloud-blueprinting-caches-c155ca3f8c.jpeg,1,"Image Alt Text: A friendly cartoon character in a flat vector style, building a data cache from a blueprint, with vibrant data lines flowing into the structure.",Cartoon blueprint scene illustrating how a custom cache is assembled.,migration/output/content/posts/field-guide-to-custom-caches-in-sfcc.md,applied
/field-guide-to-custom-caches-in-sfcc/,/media/2025/ods-custom-caches-business-manager-c30167212b.png,1,"A screenshot of the ""Administration > Operations > Custom Caches"" screen in the business manager.",Custom Caches screen in Business Manager.,migration/output/content/posts/field-guide-to-custom-caches-in-sfcc.md,applied
/how-to-extend-active-data-in-salesforce-b2c-commerce-cloud/,/media/2023/b2c-active-merchandising-slide-1-9a027d6449.gif,1,,Slide introducing Active Merchandising data collection across commerce channels.,migration/output/content/posts/how-to-extend-active-data-in-salesforce-b2c-commerce-cloud.md,applied
/how-to-extend-active-data-in-salesforce-b2c-commerce-cloud/,/media/2023/system-object-active-data-physicalvisits-84071d27a1.jpg,1,,Customer Active Data system object with the physicalVisits attribute.,migration/output/content/posts/how-to-extend-active-data-in-salesforce-b2c-commerce-cloud.md,applied
/how-to-extend-active-data-in-salesforce-b2c-commerce-cloud/,/media/2023/system-object-active-data-physicalvisitsmonth-e1e4a24148.jpg,1,,Customer Active Data system object with the physicalVisitsMonth attribute.,migration/output/content/posts/how-to-extend-active-data-in-salesforce-b2c-commerce-cloud.md,applied
/how-to-extend-active-data-in-salesforce-b2c-commerce-cloud/,/media/2023/system-object-active-data-attributegroup-96d35b50eb.jpg,1,,Attribute group configuration for the Physical Store Traffic fields.,migration/output/content/posts/how-to-extend-active-data-in-salesforce-b2c-commerce-cloud.md,applied
/how-to-extend-active-data-in-salesforce-b2c-commerce-cloud/,/media/2023/new-customer-active-data-feed-ec272e512c.jpg,1,,New Customer Active Data feed definition form.,migration/output/content/posts/how-to-extend-active-data-in-salesforce-b2c-commerce-cloud.md,applied
/how-to-extend-active-data-in-salesforce-b2c-commerce-cloud/,/media/2023/customer-active-data-sfcc-c14383fa6a.jpg,1,,Customer profile showing imported Active Data values in Business Manager.,migration/output/content/posts/how-to-extend-active-data-in-salesforce-b2c-commerce-cloud.md,applied
/how-to-extend-active-data-in-salesforce-b2c-commerce-cloud/,/media/2023/dynamic-customer-group-a8cdefb897.jpg,1,,Dynamic customer group rule based on recent in-store visits.,migration/output/content/posts/how-to-extend-active-data-in-salesforce-b2c-commerce-cloud.md,applied
/how-to-get-salesforce-certification-vouchers/,/media/2023/accreditations-vs-certifications-7c6224e505.png,1,,Comparison graphic for accreditations versus certifications.,migration/output/content/posts/how-to-get-salesforce-certification-vouchers.md,applied
/how-to-get-salesforce-certification-vouchers/,/media/2023/partner-benefits-0de8d66c3b.png,1,,Partner benefits graphic used in the voucher overview.,migration/output/content/posts/how-to-get-salesforce-certification-vouchers.md,applied
/how-to-set-up-slas-for-the-composable-storefront/,/media/2023/slas-admin-ui-button-business-manager-7bdbd7a798.jpg,1,,Salesforce Commerce API Settings page with the SLAS Admin UI link.,migration/output/content/posts/how-to-set-up-slas-for-the-composable-storefront.md,applied
/how-to-set-up-slas-for-the-composable-storefront/,/media/2023/slas-admin-ui-login-ff882d0848.jpg,1,,Sign-in page that links to the SLAS Admin UI.,migration/output/content/posts/how-to-set-up-slas-for-the-composable-storefront.md,applied
/how-to-set-up-slas-for-the-composable-storefront/,/media/2023/slas-rights-account-manager-dfaa6aa6b8.jpg,1,,Account Manager role scopes required for SLAS administration.,migration/output/content/posts/how-to-set-up-slas-for-the-composable-storefront.md,applied
/how-to-set-up-slas-for-the-composable-storefront/,/media/2023/slas-admin-welcome-ui-bbc3ad8da9.jpg,1,,SLAS Admin UI welcome page after a successful sign-in.,migration/output/content/posts/how-to-set-up-slas-for-the-composable-storefront.md,applied
/how-to-set-up-slas-for-the-composable-storefront/,/media/2023/slas-admin-add-client-c488a4b6e3.jpg,1,,Client list in the SLAS Admin UI.,migration/output/content/posts/how-to-set-up-slas-for-the-composable-storefront.md,applied
/how-to-set-up-slas-for-the-composable-storefront/,/media/2023/slas-admin-ui-new-client-pwa-kit-c70f8d1fd1.jpg,1,,New client form for a PWA Kit SLAS application.,migration/output/content/posts/how-to-set-up-slas-for-the-composable-storefront.md,applied
/how-to-set-up-slas-for-the-composable-storefront/,/media/2023/typo-in-scopes-3b0626d7b7.png,1,,Scope list showing the missing space in the default shopper scopes.,migration/output/content/posts/how-to-set-up-slas-for-the-composable-storefront.md,applied
/how-to-set-up-slas-for-the-composable-storefront/,/media/2022/pwa-kit-03394b0f92.png,1,,Composable Storefront homepage after the starter app launches.,migration/output/content/posts/how-to-set-up-slas-for-the-composable-storefront.md,applied
/how-to-set-up-the-ecdn-in-sfcc-staging/,/media/2023/commerce-cloud-api-client-roles-1a338d1f61.jpg,1,"A screenshot of the Account Manager where the ""Salesforce Commerce API"" role is assigned with the staging environment filter.",Account Manager roles screen with the Salesforce Commerce API role enabled for staging.,migration/output/content/posts/how-to-set-up-the-ecdn-in-sfcc-staging.md,applied
/how-to-set-up-the-ecdn-in-sfcc-staging/,/media/2023/salesforce-commerce-api-settings-be8d59fe5b.jpg,1,"A screenshot of the Business Manager ""Salesforce Commerce API Settings"" screen showing the Short Code and Organization ID needed for the staging ecdn.",Salesforce Commerce API Settings screen with the short code and organization ID for staging.,migration/output/content/posts/how-to-set-up-the-ecdn-in-sfcc-staging.md,applied
/how-to-setup-oauth-jwt-for-the-ocapi/,/media/2022/account-manager-set-up-jwt-c2ed29ddca.jpg,1,,Account Manager client configuration for private_key_jwt authentication.,migration/output/content/posts/how-to-setup-oauth-jwt-for-the-ocapi.md,applied
/how-to-setup-oauth-jwt-for-the-ocapi/,/media/2022/jwt-visualized-74d5a59116.jpg,1,,"Diagram showing the header, payload, and signature parts of a JWT.",migration/output/content/posts/how-to-setup-oauth-jwt-for-the-ocapi.md,applied
/how-to-setup-oauth-jwt-for-the-ocapi/,/media/2022/postman-authentication-ocapi-d973adb2eb.jpg,1,,Postman request configured for OCAPI JWT authentication.,migration/output/content/posts/how-to-setup-oauth-jwt-for-the-ocapi.md,applied
/lag-to-riches-a-pwa-kit-developers-guide/,/media/2025/core-web-vitals-visualised-e1750704059141-9cbbc8c421.jpg,1,"""A three-panel cartoon showing a website mascot experiencing performance issues. First, labeled 'Slow LCP', the mascot strains to lift a heavy image. Second, labeled 'High INP', the mascot is frozen in a block of ice, unresponsive to a user's click. Third, labeled 'High CLS', the mascot is knocked over by a falling ad block that displaces a button.","Three-panel illustration of Slow LCP, High INP, and High CLS problems.",migration/output/content/posts/lag-to-riches-a-pwa-kit-developers-guide.md,applied
/lets-go-live-ecdn/,/media/2022/ecdn-overview-fea46a41af.png,1,"A screenshot of the eCDN configuration in the BM for the ""my-domain.com"" website.",Embedded CDN settings for the my-domain.com storefront.,migration/output/content/posts/lets-go-live-ecdn.md,applied
/lets-go-live-ecdn/,/media/2022/add-dns-record-domain-com-245d883c43.jpg,1,,DNS record editor for the vanity domain.,migration/output/content/posts/lets-go-live-ecdn.md,applied
/lets-go-live-ecdn/,/media/2022/ecdn-add-hostname-719cd44c57.png,1,,Add Hostname action in Embedded CDN Settings.,migration/output/content/posts/lets-go-live-ecdn.md,applied
/lets-go-live-ecdn/,/media/2022/ecdn-add-hostname-second-step-1cfd425363.png,1,,Create Zone dialog for the selected hostname.,migration/output/content/posts/lets-go-live-ecdn.md,applied
/lets-go-live-ecdn/,/media/2022/ecdn-verification-needed-4d10fff1bf.png,1,,Hostname row marked as verification needed.,migration/output/content/posts/lets-go-live-ecdn.md,applied
/lets-go-live-ecdn/,/media/2022/ecdn-verification-needed-step2-7bd0bfea95.png,1,,Verification details with the required TXT record value.,migration/output/content/posts/lets-go-live-ecdn.md,applied
/lets-go-live-ecdn/,/media/2022/ecdn-overview-fea46a41af.png,2,"A screenshot of the eCDN configuration in the BM for the ""my-domain.com"" website.",eCDN overview screen for a configured storefront domain.,migration/output/content/posts/lets-go-live-ecdn.md,applied
/lets-go-live-ecdn/,/media/2022/ecdn-crypto-settings-b5ebdefdd6.png,1,,TLS and certificate controls for the embedded CDN.,migration/output/content/posts/lets-go-live-ecdn.md,applied
/lets-go-live-ecdn/,/media/2022/ecdn-upload-certificate-2447fc3d76.png,1,,Certificate upload form for the embedded CDN.,migration/output/content/posts/lets-go-live-ecdn.md,applied
/lets-go-live-ecdn/,/media/2022/ecdn-firewall-settings-ee94d7af54.png,1,,Firewall settings for security level and trusted IPs.,migration/output/content/posts/lets-go-live-ecdn.md,applied
/lets-go-live-ecdn/,/media/2022/ecdn-waf-settings-3ec4c7f73e.png,1,,"Cloudflare Speed tab with Auto Minify for HTML, CSS, and JavaScript plus Polish enabled.",migration/output/content/posts/lets-go-live-ecdn.md,applied
/lets-go-live-ecdn/,/media/2022/ecdn-speed-settings-cccba25f5e.png,1,,eCDN Speed panel showing Auto Minify and Polish options for the storefront.,migration/output/content/posts/lets-go-live-ecdn.md,applied
/lets-go-live-ecdn/,/media/2022/ecdn-customize-settings-87c4ccf54c.png,1,,Custom error page settings for the embedded CDN.,migration/output/content/posts/lets-go-live-ecdn.md,applied
/mail-attachments-in-b2c-commerce-cloud/,/media/2022/api-jsstringlength-6ae1560d95.png,1,A screenshot of the quota limit surround string length in Salesforce Commerce CLoud.,Quota documentation showing the JavaScript string-length limit in Salesforce Commerce Cloud.,migration/output/content/posts/mail-attachments-in-b2c-commerce-cloud.md,applied
/mastering-sitemaps-in-sfcc/,/media/2025/sitemap-business-manager-sfcc-1e208116dd.jpg,1,A screenshot of the Sitemap Settings in Merchant tools in Salesforce B2C Commerce Cloud,Sitemap settings panel in Business Manager.,migration/output/content/posts/mastering-sitemaps-in-sfcc.md,applied
/mastering-sitemaps-in-sfcc/,/media/2025/sitemap-business-manager-job-13ba1762a2.jpg,1,"Screenshot of the ""Job"" tab in Sitemap configuration in the Business Manager",Job tab for scheduling sitemap generation in Business Manager.,migration/output/content/posts/mastering-sitemaps-in-sfcc.md,applied
/salesforce-b2c-commerce-cloud-documentation/,/media/2022/5b7a39ea-b9bc-486b-9ca3-c77ab5a306b1-e1653998526739-e73418c862.jpeg,1,,Partner Learning Camp dashboard used to introduce the partner-only training track.,migration/output/content/posts/salesforce-b2c-commerce-cloud-documentation.md,applied
/salesforce-b2c-commerce-cloud-governance-and-quotas/,/media/2022/sfcc-enforced-quota-a495bb4270.jpg,1,,Quota Status screen showing an enforced quota in Business Manager.,migration/output/content/posts/salesforce-b2c-commerce-cloud-governance-and-quotas.md,applied
/salesforce-b2c-commerce-cloud-governance-and-quotas/,/media/2022/but-why-91f791a77c.jpg,1,,Illustration reacting to the frustration of hitting a platform quota.,migration/output/content/posts/salesforce-b2c-commerce-cloud-governance-and-quotas.md,applied
/salesforce-b2c-commerce-cloud-governance-and-quotas/,/media/2022/sfcc-quota-alerts-7f9e795d58.jpg,1,,Quota alert subscription settings in Business Manager.,migration/output/content/posts/salesforce-b2c-commerce-cloud-governance-and-quotas.md,applied
/salesforce-b2c-commerce-cloud-governance-and-quotas/,/media/2022/duke-cleaning-up-garbage-7e114dc018.jpg,1,,Duke mascot illustration used to introduce garbage collection.,migration/output/content/posts/salesforce-b2c-commerce-cloud-governance-and-quotas.md,applied
/salesforce-b2c-commerce-cloud-governance-and-quotas/,/media/2023/img-0054-72b5b079a0.jpeg,1,"A screenshot of Slack with the following text “ @GPThomas 6 (Theunen) Not sure it's documented anywhere, but mentioned here https://sfcc-unofficial.slack.com/archives/CBB7YAAHW/p1675440396900169?thread_ts=1675380576.825429&cid=CBB7YAAHW. From experience we for sure were facing the same but for same session id BHV_REQUEST_TOO_MANY_REQUESTS_WITH_SAME_SESSION_ID (10 concurrent requests by default)”",Slack note documenting the per-session OCAPI parallel-request limit.,migration/output/content/posts/salesforce-b2c-commerce-cloud-governance-and-quotas.md,applied
/salesforce-b2c-commerce-the-22-6-release/,/media/2022/22-6-release-einstein-dashboards-722f4cbace.png,1,,Einstein dashboard view for drilling into a single recommender.,migration/output/content/posts/salesforce-b2c-commerce-the-22-6-release.md,applied
/salesforce-b2c-commerce-the-22-6-release/,/media/2022/einstein-dashoards-addtocarts-sfcc-9c9a2f3595.png,1,A screenshot of the Einstein Dashboards depicting the information of a specific product and its statistics.,Einstein dashboard showing product-level recommendation statistics.,migration/output/content/posts/salesforce-b2c-commerce-the-22-6-release.md,applied
/salesforce-b2c-commerce-the-22-6-release/,/media/2022/access-key-management-ocapi-726096138d.png,1,A screenshot depicting the new APIs under the user DATA OCAPI endpoints.,User Data OCAPI endpoints for access key management.,migration/output/content/posts/salesforce-b2c-commerce-the-22-6-release.md,applied
/salesforce-b2c-commerce-the-22-6-release/,/media/2022/eps-logo-austria-8764a70156.png,1,,EPS payment method logo for Austrian bank transfers.,migration/output/content/posts/salesforce-b2c-commerce-the-22-6-release.md,applied
/salesforce-b2c-commerce-the-22-6-release/,/media/2022/troubleshoot-storefront-errors-logcenter-66dfbbe9b6.png,1,,Log Center filter for storefront implementation errors.,migration/output/content/posts/salesforce-b2c-commerce-the-22-6-release.md,applied
/secure-coding-in-salesforce-b2c-commerce-cloud/,/media/2022/mfa-1-6649345f2c.jpg,1,,Account Manager multi-factor authentication setup screen.,migration/output/content/posts/secure-coding-in-salesforce-b2c-commerce-cloud.md,applied
/secure-coding-in-salesforce-b2c-commerce-cloud/,/media/2022/npm-audit-ab1e401b03.png,1,,npm audit output showing dependency vulnerability results.,migration/output/content/posts/secure-coding-in-salesforce-b2c-commerce-cloud.md,applied
/sending-emails-from-sfcc/,/media/2024/a-mail-across-the-year-15b12cb7bc.jpg,1,,Illustration of seasonal variations in transactional email design.,migration/output/content/posts/sending-emails-from-sfcc.md,applied
/sending-emails-from-sfcc/,/media/2024/sfcc-email-settings-21507245df.png,1,"A screenshot of the ""Administration > Operations > Email Settings"" screen, which enables administrators to configure custom email and DKIM settings.",Email Settings screen used to configure SMTP and DKIM options.,migration/output/content/posts/sending-emails-from-sfcc.md,applied
/simplifying-the-salesforce-order-of-execution/,/media/2023/order-of-execution-simplified-apex-api-v56-0-23130ad657.png,1,,Simplified Salesforce order-of-execution diagram.,migration/output/content/posts/simplifying-the-salesforce-order-of-execution.md,applied
/simplifying-the-salesforce-order-of-execution/,/media/2023/order-of-execution-simplified-apex-api-v56-0-23130ad657.png,2,,Simplified Salesforce order-of-execution diagram.,migration/output/content/posts/simplifying-the-salesforce-order-of-execution.md,applied
/third-party-api-caching-in-commerce-cloud/,/media/2024/configuring-underlying-clients-95d307a0e7.png,1,,Official documentation snippet showing enableCaching on an HTTP service.,migration/output/content/posts/third-party-api-caching-in-commerce-cloud.md,applied
/third-party-api-caching-in-commerce-cloud/,/media/2024/clearing-httpclient-response-cache-c4b7ab1863.png,1,"A screenshot of the ""Service Maintenance"" configuration page in the Business Manager.",Service Maintenance screen used to invalidate the HTTP client response cache.,migration/output/content/posts/third-party-api-caching-in-commerce-cloud.md,applied
/third-party-api-caching-in-commerce-cloud/,/media/2024/third-party-service-caching-results-e1731261763486-2847fa50c4.jpg,1,"A screenshot of a graph showing the results of third-party service improvements, including using Cloudflare and secondly adding caching.",Graph showing lower third-party API traffic after bot filtering and caching.,migration/output/content/posts/third-party-api-caching-in-commerce-cloud.md,applied
/what-is-the-ocapi-session-bridge/,/media/2022/session-bridge-mobile-app-v3-scaled-93e60b2f4b.jpeg,1,,Mobile app session bridging flow that transfers a shopper into the storefront.,migration/output/content/posts/what-is-the-ocapi-session-bridge.md,applied
/what-is-the-ocapi-session-bridge/,/media/2023/bearer-token-authorization-header-e377c64b9c.png,1,,Authorization header containing the OCAPI bearer token in Postman.,migration/output/content/posts/what-is-the-ocapi-session-bridge.md,applied
/what-is-the-ocapi-session-bridge/,/media/2022/session-bridge-guest-basket-secure-order-df1146c25d.jpeg,1,,Secure guest-basket handover where sensitive basket data remains protected.,migration/output/content/posts/what-is-the-ocapi-session-bridge.md,applied
/what-is-the-ocapi-session-bridge/,/media/2022/session-bridge-guest-basket-insecure-order-a252675925.jpeg,1,,Insecure handover example where SFCC blocks sensitive basket details after transfer.,migration/output/content/posts/what-is-the-ocapi-session-bridge.md,applied
/where-to-hook-into-an-sfra-controller/,/media/2024/home-controller-routes-in-sfra-ca8b9d167a.jpg,1,A screenshot of the Home.js controller file of the standard SFRA. It contains two routes: Show and ErrorNotFound.,Standard Home.js controller with Show and ErrorNotFound routes.,migration/output/content/posts/where-to-hook-into-an-sfra-controller.md,applied
/where-to-hook-into-an-sfra-controller/,/media/2024/home-show-sfra-controller-be0043f3bf.jpg,1,,Flow diagram of the standard Home-Show controller logic.,migration/output/content/posts/where-to-hook-into-an-sfra-controller.md,applied
/where-to-hook-into-an-sfra-controller/,/media/2024/sfra-home-route-with-all-extension-points-2-7e4462fe3e.jpg,1,,Combined diagram of SFRA route middleware and hook extension points.,migration/output/content/posts/where-to-hook-into-an-sfra-controller.md,applied
/,/media/2022/1e8a7695-9e6f1ee7bd.jpg,1,,Thomas Theunen at the office beside a desk and plants.,migration/output/content/pages/home.md,unmatched
/,/media/2022/thomas-theunen-tablet2-7f501926d7.jpg,1,,Thomas Theunen holding a tablet in the office.,migration/output/content/pages/home.md,unmatched
/20-years-of-dreamforce/,/media/2022/community-speaker-9f72758dd2.jpg,1,,Community speaker spotlight graphic used for featured sessions.,migration/output/content/posts/20-years-of-dreamforce.md,unmatched
/20-years-of-dreamforce/,/media/2022/community-speaker-9f72758dd2.jpg,2,,Community speaker spotlight graphic used for featured sessions.,migration/output/content/posts/20-years-of-dreamforce.md,unmatched
/20-years-of-dreamforce/,/media/2022/community-speaker-9f72758dd2.jpg,3,,Community speaker spotlight graphic used for featured sessions.,migration/output/content/posts/20-years-of-dreamforce.md,unmatched
/20-years-of-dreamforce/,/media/2022/community-speaker-9f72758dd2.jpg,4,,Community speaker spotlight graphic used for featured sessions.,migration/output/content/posts/20-years-of-dreamforce.md,unmatched
/20-years-of-dreamforce/,/media/2022/dreamforce-cosy-c3b16ff3d4.jpg,1,,Dreamforce attendee checking a phone in a lounge area.,migration/output/content/posts/20-years-of-dreamforce.md,unmatched
/20-years-of-dreamforce/,/media/2022/dreamforce-red-hot-chili-peppers-2e81650f2f.jpg,1,,Red Hot Chili Peppers performing on stage at Dreamforce.,migration/output/content/posts/20-years-of-dreamforce.md,unmatched
/20-years-of-dreamforce/,/media/2022/writing-agenda-ba6ec896c4.jpg,1,,Notebook and laptop laid out while planning a conference agenda.,migration/output/content/posts/20-years-of-dreamforce.md,unmatched
/a-beginners-guide-to-webdav-in-sfcc/,/media/2024/webdav-client-application-permissions-8757d150cc.png,1,,WebDAV Client Application Permissions with API access to impex and cartridges.,migration/output/content/posts/a-beginners-guide-to-webdav-in-sfcc.md,unmatched
/a-beginners-guide-to-webdav-in-sfcc/,/media/2024/webdav-role-permissions-7d3baef818.png,1,,WebDAV Permissions tab for the eCom Manager role in Business Manager.,migration/output/content/posts/a-beginners-guide-to-webdav-in-sfcc.md,unmatched
/a-deep-dive-into-the-23-7-sfcc-release/,/media/2023/categorization-rules-in-23-7-affa83b506.jpg,1,,Categorization rule editor with support for up to ten conditions.,migration/output/content/posts/a-deep-dive-into-the-23-7-sfcc-release.md,unmatched
/a-deep-dive-into-the-23-7-sfcc-release/,/media/2023/local-inventory-7952c2d4a2.jpeg,1,,Google Local Inventory listing showing nearby shoe availability.,migration/output/content/posts/a-deep-dive-into-the-23-7-sfcc-release.md,unmatched
/a-look-at-the-23-9-commerce-cloud-release/,/media/2023/sfcc-custom-endpoints-138d76b101.png,1,,"Custom endpoint file structure with mapping, script, and schema artifacts.",migration/output/content/posts/a-look-at-the-23-9-commerce-cloud-release.md,unmatched
/a-look-at-the-23-9-commerce-cloud-release/,/media/2023/sfcc-japanese-improved-search-fb4e7c018a.png,1,,Language Options menu showing the Japanese Improved analyzer.,migration/output/content/posts/a-look-at-the-23-9-commerce-cloud-release.md,unmatched
/a-look-at-the-23-9-commerce-cloud-release/,/media/2023/sfcc-script-profile-productionmode-before-23-9-35fed622ef.png,1,,Code Profiler output from before the 23.9 Production Mode change.,migration/output/content/posts/a-look-at-the-23-9-commerce-cloud-release.md,unmatched
/a-look-at-the-salesforce-b2c-commerce-cloud-24-2-release/,/media/2024/locale-date-settings-after-24-2-ed26c6c56a.png,1,,Locale date settings after the 24.2 update with start day of week.,migration/output/content/posts/a-look-at-the-salesforce-b2c-commerce-cloud-24-2-release.md,unmatched
/a-look-at-the-salesforce-b2c-commerce-cloud-24-2-release/,/media/2024/locale-date-settings-before-24-2-1107342948.png,1,,Locale date settings before the 24.2 update.,migration/output/content/posts/a-look-at-the-salesforce-b2c-commerce-cloud-24-2-release.md,unmatched
/a-look-at-the-salesforce-b2c-commerce-cloud-24-2-release/,/media/2024/partioned-cookies-in-sfcc-cb426ac0c4.png,1,,Feature switch showing Partitioned Cookies enabled by default.,migration/output/content/posts/a-look-at-the-salesforce-b2c-commerce-cloud-24-2-release.md,unmatched
/a-look-at-the-sfcc-23-5-release/,/media/2023/scapi-channel-types-2023-2795e88145.jpg,1,,Channel-type list showing the new basket and order channels added in the 23.5 release.,migration/output/content/posts/a-look-at-the-sfcc-23-5-release.md,unmatched
/a-look-back-at-origin-shielding/,/media/2022/march-2022-origin-shielding-815c30777b.jpg,1,,March 2022 roadmap slide announcing the next origin shielding phase.,migration/output/content/posts/a-look-back-at-origin-shielding.md,unmatched
/a-look-back-at-origin-shielding/,/media/2022/origin-shielding-first-mention-9d41cb51f2.jpg,1,,First communication about origin shielding from July 2021.,migration/output/content/posts/a-look-back-at-origin-shielding.md,unmatched
/a-new-commerce-cloud-community-in-town/,/media/2022/get-to-know-each-other-v2-60539cfd30.png,1,,Announcement card for the community's first get-to-know-each-other session.,migration/output/content/posts/a-new-commerce-cloud-community-in-town.md,unmatched
/a-new-commerce-cloud-community-in-town/,/media/2022/join-the-salesforce-benelux-commerce-cloud-community-v4-afd7195f3b.jpg,1,,Trailblazer Community Group welcome banner for the Benelux commerce community.,migration/output/content/posts/a-new-commerce-cloud-community-in-town.md,unmatched
/a-new-day-for-commerce-recap/,/media/2023/a-new-day-for-commerce-community-2cc42304c9.jpg,1,,Commerce Cloud leadership and community attendees gathered in Amsterdam.,migration/output/content/posts/a-new-day-for-commerce-recap.md,unmatched
/a-new-day-for-commerce-recap/,/media/2023/demandware-xchange-2015-6b0d29c1ff.png,1,,Demandware XChange 2015 event website.,migration/output/content/posts/a-new-day-for-commerce-recap.md,unmatched
/a-new-day-for-commerce-recap/,/media/2023/fireside-chat-a-new-day-for-commerce-cd97b9b2c7.jpeg,1,,"Thomas Theunen, Igor Faletski, and Sander Felius during the fireside chat.",migration/output/content/posts/a-new-day-for-commerce-recap.md,unmatched
/about/,/media/2022/about-page-pic1-d641346b49.jpg,1,,Founder portrait at a desk with office plants.,migration/output/content/pages/about.md,unmatched
/about/,/media/2022/about-page-pic2-3662ca760e.jpg,1,,Workspace portrait with a laptop and studio greenery.,migration/output/content/pages/about.md,unmatched
/ai-as-an-architect-and-content-creator/,/media/2023/documentation-with-gpt-4-b13ad915e5.jpg,1,,GPT-4 playground drafting developer documentation for a React component.,migration/output/content/posts/ai-as-an-architect-and-content-creator.md,unmatched
/ai-as-an-architect-and-content-creator/,/media/2023/generating-a-post-image-51933457be.jpg,1,,Leonardo.AI generating a cyberpunk portrait from the article prompt.,migration/output/content/posts/ai-as-an-architect-and-content-creator.md,unmatched
/ai-as-an-architect-and-content-creator/,/media/2023/generating-a-post-title-36528f6a0f.jpg,1,,ChatGPT proposing alternate titles for the article draft.,migration/output/content/posts/ai-as-an-architect-and-content-creator.md,unmatched
/ai-as-an-architect-and-content-creator/,/media/2023/github-copilot-react-e4aab607d7.jpg,1,,GitHub Copilot generating React testing code in WebStorm.,migration/output/content/posts/ai-as-an-architect-and-content-creator.md,unmatched
/ai-as-an-architect-and-content-creator/,/media/2023/grammarly-and-content-cf057efe86.jpg,1,,Grammarly suggestions refining tone and grammar in the draft article.,migration/output/content/posts/ai-as-an-architect-and-content-creator.md,unmatched
/ai-as-an-architect-and-content-creator/,/media/2023/hybrid-deployment-theory-02-poc-a7602136f7.jpg,1,,Hybrid deployment T-shirt concept generated as a starting point for the final design.,migration/output/content/posts/ai-as-an-architect-and-content-creator.md,unmatched
/ai-automation-to-augmentation-at-work/,/media/2023/salesforce-einstein-c26c4593ed.jpeg,1,,Salesforce Einstein branding used to introduce workplace AI.,migration/output/content/posts/ai-automation-to-augmentation-at-work.md,unmatched
/ai-automation-to-augmentation-at-work/,/media/2023/sfcc-content-assets-with-ai-8805d0d3cd.jpg,1,,Content asset editor using AI-assisted generation in Salesforce Commerce Cloud.,migration/output/content/posts/ai-automation-to-augmentation-at-work.md,unmatched
/an-overview-of-sfcc-global-functions/,/media/2023/the-infinity-of-space-5e44ec8ec6.jpg,1,,Space-themed illustration introducing the breadth of SFCC global functions.,migration/output/content/posts/an-overview-of-sfcc-global-functions.md,unmatched
/b2c-commerce-cloud-campaign-erd/,/media/2023/campaign-store-groups-sfcc-1a646a927d.png,1,,Campaign Details screen showing Store Group assignment options.,migration/output/content/posts/b2c-commerce-cloud-campaign-erd.md,unmatched
/b2c-commerce-cloud-campaign-erd/,/media/2023/salesforce-b2c-commerce-cloud-diagram-campaign-erd-4b241c1470.png,1,,Campaign entity relationship diagram for Salesforce B2C Commerce Cloud.,migration/output/content/posts/b2c-commerce-cloud-campaign-erd.md,unmatched
/b2c-commerce-whats-new-in-22-4/,/media/2022/broken-category-08697befce.png,1,,Broken product lister page rendering null values after an invalid variation-group setup.,migration/output/content/posts/b2c-commerce-whats-new-in-22-4.md,unmatched
/b2c-commerce-whats-new-in-22-4/,/media/2022/configuration-variation-groups-32dec4386b.png,1,,Category configuration panel for assigning variation-group display behavior.,migration/output/content/posts/b2c-commerce-whats-new-in-22-4.md,unmatched
/b2c-commerce-whats-new-in-22-4/,/media/2022/prorate-discount-0a85da771a.png,1,,Promotion setting that enables discount proration across line items.,migration/output/content/posts/b2c-commerce-whats-new-in-22-4.md,unmatched
/b2c-commerce-whats-new-in-22-4/,/media/2022/variation-groups-after-513fc19983.png,1,,Merged variation-group storefront result with shared swatches.,migration/output/content/posts/b2c-commerce-whats-new-in-22-4.md,unmatched
/b2c-commerce-whats-new-in-22-4/,/media/2022/variation-groups-before-14c54a10bd.jpg,1,,Three variation-group products shown as separate pants tiles.,migration/output/content/posts/b2c-commerce-whats-new-in-22-4.md,unmatched
/b2c-commerce-whats-new-in-22-4/,/media/external/category-option-plzwjt3ux7rivo7o7mgc8xhnroisdxv69lzyysd3pa-a3eb0312c7.png,1,,Catalog setting that switches variation groups to merged or individual display.,migration/output/content/posts/b2c-commerce-whats-new-in-22-4.md,unmatched
/b2c-commerce-whats-new-in-the-22-3-release/,/media/2022/bonus-products-ed6b9e3074.png,1,,Documentation snippet showing the bonus product limit.,migration/output/content/posts/b2c-commerce-whats-new-in-the-22-3-release.md,unmatched
/b2c-commerce-whats-new-in-the-22-3-release/,/media/2022/slds-ba5571b0d8.png,1,,SLDS showcase with example interface components.,migration/output/content/posts/b2c-commerce-whats-new-in-the-22-3-release.md,unmatched
/caching-in-the-sfcc-composable-storefront/,/media/2024/scapi-server-side-web-tier-caching-ead7ec1b79.jpg,1,,Business Manager feature toggle for enabling SCAPI server-side web-tier caching.,migration/output/content/posts/caching-in-the-sfcc-composable-storefront.md,unmatched
/can-a-isslot-element-have-a-dynamic-id/,/media/2023/isslot-element-d83390209d.jpg,1,,Official isslot documentation showing the static slot identifier requirement.,migration/output/content/pages/can-a-isslot-element-have-a-dynamic-id.md,unmatched
/certifications-for-salesforce-b2c-commerce-cloud/,/media/2022/b2c-commerce-architect-3d1b1f2f1e.png,1,,Salesforce Certified B2C Commerce Architect badge.,migration/output/content/posts/certifications-for-salesforce-b2c-commerce-cloud.md,unmatched
/certifications-for-salesforce-b2c-commerce-cloud/,/media/2022/einstein-d7123b2738.png,1,,Einstein Commerce Cloud Accredited Professional badge.,migration/output/content/posts/certifications-for-salesforce-b2c-commerce-cloud.md,unmatched
/chasing-clouds-catching-up-with-the-commercecrew-at-dreamforce-2023/,/media/2023/04cd6b21-12ba-4307-9ce5-3a60768e6ba0-1-105-c-c78a87bbb3.jpeg,1,,Breakfast meetup with the CommerceCrew before Dreamforce sessions.,migration/output/content/posts/chasing-clouds-catching-up-with-the-commercecrew-at-dreamforce-2023.md,unmatched
/chasing-clouds-catching-up-with-the-commercecrew-at-dreamforce-2023/,/media/2023/1832c203-32d4-4a5b-922a-218cf2ecf468-1-102-a-d53635718f.jpeg,1,,View of the Foo Fighters performing at Dreamfest 2023.,migration/output/content/posts/chasing-clouds-catching-up-with-the-commercecrew-at-dreamforce-2023.md,unmatched
/creating-custom-ocapi-endpoints/,/media/2022/custom-api-custom-object-051e16e59a.png,1,,Custom Object Types screen with the CustomApi definition.,migration/output/content/posts/creating-custom-ocapi-endpoints.md,unmatched
/creating-custom-ocapi-endpoints/,/media/2022/get-customer-custom-api-response-a6c8902585.png,1,,Custom OCAPI response payload returned by the get-customer endpoint.,migration/output/content/posts/creating-custom-ocapi-endpoints.md,unmatched
/creating-custom-ocapi-endpoints/,/media/2022/manage-get-customer-object-7b88237d34.png,1,,Manage Custom Objects screen with the get-customer object.,migration/output/content/posts/creating-custom-ocapi-endpoints.md,unmatched
/creating-custom-ocapi-endpoints/,/media/2022/ocapi-settings-46b5f9c8b0.png,1,,Open Commerce API Settings showing access for custom objects.,migration/output/content/posts/creating-custom-ocapi-endpoints.md,unmatched
/creating-custom-ocapi-endpoints/,/media/2022/postman-variables-custom-api-ec0a89ffce.png,1,,Postman variables required to call the custom OCAPI endpoint.,migration/output/content/posts/creating-custom-ocapi-endpoints.md,unmatched
/delta-exports-in-salesforce-b2c-commerce-cloud/,/media/2023/delta-job-consumer-867e8bc380.png,1,,Consumer tab with the dedicated WebDAV export folder.,migration/output/content/posts/delta-exports-in-salesforce-b2c-commerce-cloud.md,unmatched
/delta-exports-in-salesforce-b2c-commerce-cloud/,/media/2023/delta-job-schedule-1c300976ae.png,1,,Schedule tab for running a delta export at a fixed interval.,migration/output/content/posts/delta-exports-in-salesforce-b2c-commerce-cloud.md,unmatched
/delta-exports-in-salesforce-b2c-commerce-cloud/,/media/2023/delta-job-selection-718f8a1686.png,1,,"Delta export configuration showing job name, consumers, and data type.",migration/output/content/posts/delta-exports-in-salesforce-b2c-commerce-cloud.md,unmatched
/delta-exports-in-salesforce-b2c-commerce-cloud/,/media/2023/delta-job-status-9552cad99f.png,1,,Status tab showing the scheduled delta export job log.,migration/output/content/posts/delta-exports-in-salesforce-b2c-commerce-cloud.md,unmatched
/delta-exports-in-salesforce-b2c-commerce-cloud/,/media/2023/delta-jobs-overview-dccafc63a7.png,1,,Delta Exports module overview in Business Manager.,migration/output/content/posts/delta-exports-in-salesforce-b2c-commerce-cloud.md,unmatched
/delta-exports-in-salesforce-b2c-commerce-cloud/,/media/2023/history-70bccb6f6f.png,1,,Delta export history showing previously generated files.,migration/output/content/posts/delta-exports-in-salesforce-b2c-commerce-cloud.md,unmatched
/digging-into-the-b2c-commerce-cloud-24-3-release/,/media/2024/basket-product-line-items-in-sfcc-d24a6fcde8.png,1,,Basket preferences showing the new default limit of 200 product line items.,migration/output/content/posts/digging-into-the-b2c-commerce-cloud-24-3-release.md,unmatched
/digging-into-the-b2c-commerce-cloud-24-3-release/,/media/2024/sfcc-alerts-business-manager-5ad8b6e1f2.png,1,,"Notification settings showing banner, header, and homepage alert placements.",migration/output/content/posts/digging-into-the-b2c-commerce-cloud-24-3-release.md,unmatched
/events-and-the-golden-hoodie/,/media/2022/salesforce-live-belgium-bba64ad521.jpg,1,,Salesforce Live Belgium event slide featuring the author's Golden Hoodie recognition.,migration/output/content/posts/events-and-the-golden-hoodie.md,unmatched
/get-connected-at-salesforce-connections-2022/,/media/2022/cnx-hp-band-one-republic-23e3012477.png,1,,Connections party announcement featuring OneRepublic.,migration/output/content/posts/get-connected-at-salesforce-connections-2022.md,unmatched
/get-connected-at-salesforce-connections-2022/,/media/2022/offer-8124183637.jpg,1,,Invitation graphic for speaking in the Connections 2022 keynote.,migration/output/content/posts/get-connected-at-salesforce-connections-2022.md,unmatched
/getting-to-know-sfra-as-a-developer/,/media/2022/b2c-foundations-2daffad6c6.jpg,1,,Partner Learning Camp catalog showing the B2C Commerce Foundations course.,migration/output/content/posts/getting-to-know-sfra-as-a-developer.md,unmatched
/getting-to-know-sfra-as-a-developer/,/media/2022/learn-commerce-cloud-67eab48d9b.jpg,1,,Archived Learn Commerce Cloud landing page.,migration/output/content/posts/getting-to-know-sfra-as-a-developer.md,unmatched
/getting-to-know-the-sfcc-24-4-release/,/media/2024/ecdn-config-in-business-manager-staging-a7d7b2d965.png,1,,Staging Business Manager with Embedded CDN Settings highlighted.,migration/output/content/posts/getting-to-know-the-sfcc-24-4-release.md,unmatched
/getting-to-know-the-sfcc-24-4-release/,/media/2024/images-in-sfcc-page-designer-2ae797ab98.png,1,,"Page Designer media picker showing support for browsing up to 1,000 images in one folder.",migration/output/content/posts/getting-to-know-the-sfcc-24-4-release.md,unmatched
/getting-to-know-the-sfcc-24-4-release/,/media/2024/searchable-attributes-in-commerce-cloud-db3ab0524f.png,1,,Searchable Attributes settings showing Autocorrection defaulting to No.,migration/output/content/posts/getting-to-know-the-sfcc-24-4-release.md,unmatched
/helpful-salesforce-b2c-commerce-cloud-cartridges/,/media/2022/custom-feed-9148030910.png,1,,Custom Feeds configuration screen with a Google feed example.,migration/output/content/posts/helpful-salesforce-b2c-commerce-cloud-cartridges.md,unmatched
/helpful-salesforce-b2c-commerce-cloud-cartridges/,/media/2022/page-designer-plus-9eedd5b72f.jpg,1,,Page Designer Plus example showing enhanced page-building components.,migration/output/content/posts/helpful-salesforce-b2c-commerce-cloud-cartridges.md,unmatched
/helpful-salesforce-b2c-commerce-cloud-cartridges/,/media/2022/resource-manager-4a86b3a33c.png,1,,Resource Manager interface inside Business Manager.,migration/output/content/posts/helpful-salesforce-b2c-commerce-cloud-cartridges.md,unmatched
/helpful-salesforce-b2c-commerce-cloud-cli-tools/,/media/2022/b2c-tools-ff2c3df29f.svg,1,,B2C Tools CLI graphic illustrating migration support between environments.,migration/output/content/posts/helpful-salesforce-b2c-commerce-cloud-cli-tools.md,unmatched
/how-to-change-the-code-compatibility-mode-in-salesforce-b2c-commerce-cloud/,/media/2022/cartridges-webdav-88a388e63c.jpg,1,,Development Setup page with the cartridges WebDAV endpoint.,migration/output/content/posts/how-to-change-the-code-compatibility-mode-in-salesforce-b2c-commerce-cloud.md,unmatched
/how-to-change-the-code-compatibility-mode-in-salesforce-b2c-commerce-cloud/,/media/2022/code-version-26171e5278.jpg,1,,Active code version folder containing the .apiversion file.,migration/output/content/posts/how-to-change-the-code-compatibility-mode-in-salesforce-b2c-commerce-cloud.md,unmatched
/how-to-change-the-code-compatibility-mode-in-salesforce-b2c-commerce-cloud/,/media/2022/hackerman-hr-6b82b63667.jpg,1,,Illustration signaling a risky attempt to bypass the standard upgrade path.,migration/output/content/posts/how-to-change-the-code-compatibility-mode-in-salesforce-b2c-commerce-cloud.md,unmatched
/how-to-change-the-code-compatibility-mode-in-salesforce-b2c-commerce-cloud/,/media/2022/manipulate-form-code-compatibility-1d501b0279.jpg,1,,Compatibility mode form showing the limited version options in Business Manager.,migration/output/content/posts/how-to-change-the-code-compatibility-mode-in-salesforce-b2c-commerce-cloud.md,unmatched
/how-to-change-the-code-compatibility-mode-in-salesforce-b2c-commerce-cloud/,/media/2022/new-code-version-d4f4f68888.jpg,1,,Manage Code Versions screen after the compatibility mode change is applied.,migration/output/content/posts/how-to-change-the-code-compatibility-mode-in-salesforce-b2c-commerce-cloud.md,unmatched
/how-to-change-the-code-compatibility-mode-in-salesforce-b2c-commerce-cloud/,/media/2022/webdav-overview-38949e23ef.jpg,1,,WebDAV directory listing for the active code version.,migration/output/content/posts/how-to-change-the-code-compatibility-mode-in-salesforce-b2c-commerce-cloud.md,unmatched
/how-to-filter-jsdoc-in-storybook-autodocs/,/media/2023/storybook-jsdocs-after-8063d0ff66.png,1,,"Storybook Autodocs after filtering, showing only the cleaned description.",migration/output/content/posts/how-to-filter-jsdoc-in-storybook-autodocs.md,unmatched
/how-to-filter-jsdoc-in-storybook-autodocs/,/media/2023/storybook-jsdocs-before-90d7cc5222.png,1,,"Storybook Autodocs before filtering, showing excessive JSDoc output.",migration/output/content/posts/how-to-filter-jsdoc-in-storybook-autodocs.md,unmatched
/how-to-get-a-salesforce-b2c-commerce-cloud-sandbox/,/media/2022/trailhead-academy-77b0322d57.jpeg,1,,Trailhead Academy branding for the paid sandbox training option.,migration/output/content/posts/how-to-get-a-salesforce-b2c-commerce-cloud-sandbox.md,unmatched
/how-to-use-node-18-with-sfra/,/media/2023/upgrading-libraries-developer-d40cf53b81.jpg,1,,Developer reviewing dependency updates after a failed npm resolution.,migration/output/content/posts/how-to-use-node-18-with-sfra.md,unmatched
/how-to-use-ocapi-scapi-hooks/,/media/2022/26df11a8-62ec-44cd-bf3b-6ff9ab46bee8-5598d60cbd.jpg,1,,"Illustration representing the before, after, and modifyResponse hook flow.",migration/output/content/posts/how-to-use-ocapi-scapi-hooks.md,unmatched
/how-to-use-ocapi-scapi-hooks/,/media/2022/feature-switch-scapi-hooks-9a09bc135b.jpg,1,,Feature switch screen used to enable SCAPI hooks in Business Manager.,migration/output/content/posts/how-to-use-ocapi-scapi-hooks.md,unmatched
/how-to-use-ocapi-scapi-hooks/,/media/2022/hook-return-behaviour-91893c6015.jpg,1,,Documentation excerpt showing hook return behavior for a specific endpoint.,migration/output/content/posts/how-to-use-ocapi-scapi-hooks.md,unmatched
/how-to-use-ocapi-scapi-hooks/,/media/2022/hooks-return-status-to-short-circuit-806c56df79.jpg,1,,Hook response example where returning Status.OK short-circuits later hooks.,migration/output/content/posts/how-to-use-ocapi-scapi-hooks.md,unmatched
/how-to-use-ocapi-scapi-hooks/,/media/2022/screenshot-2022-06-01-at-20-31-35-e1654104790984-f648d18f90.png,1,,Hook documentation showing the exported function name and parameters.,migration/output/content/posts/how-to-use-ocapi-scapi-hooks.md,unmatched
/ideas/page-designer-add-ability-to-copy-paste-components/,/media/2022/experience-cloud-9470ae566b.png,1,,Experience Cloud page editor shown as the conceptual reference for Page Designer.,migration/output/content/pages/page-designer-add-ability-to-copy-paste-components.md,unmatched
/ideas/page-designer-dynamic-pages-optional-subcategories/,/media/2022/page-designer-subcategories-8ed50d99ab.png,1,,Page Designer category assignment screen showing how a page is linked to a category.,migration/output/content/pages/page-designer-dynamic-pages-optional-subcategories.md,unmatched
/image-ine-sfcc-dis-for-developers/,/media/2025/developer-and-dis-are-friends-scaled-e1752256621645-8ebda34ef5.jpeg,1,,Developer and cloud mascot shaking hands to symbolize storefront code working with DIS transformations.,migration/output/content/posts/image-ine-sfcc-dis-for-developers.md,unmatched
/image-ine-sfcc-dis-for-developers/,/media/2025/sfcc-when-not-to-use-dis-8b8b9ec0b1.jpeg,1,,Fork-in-the-road illustration comparing DIS with third-party CDN and DAM options.,migration/output/content/posts/image-ine-sfcc-dis-for-developers.md,unmatched
/is-salesforce-certification-worth-it/,/media/2022/benefit-a5b0552ef8.jpg,1,,Illustration emphasizing the wider benefits of certification.,migration/output/content/posts/is-salesforce-certification-worth-it.md,unmatched
/is-salesforce-certification-worth-it/,/media/2022/reality-is-a-harsh-mistress-f67c988867.jpg,1,,Illustration introducing the harsher realities behind certifications.,migration/output/content/posts/is-salesforce-certification-worth-it.md,unmatched
/is-salesforce-certification-worth-it/,/media/2022/you-dont-hire-for-skills-you-hire-for-attitude-you-0d3739fc5c.jpg,1,,Simon Sinek quote about hiring for attitude rather than only skills.,migration/output/content/posts/is-salesforce-certification-worth-it.md,unmatched
/it-sure-has-been-quiet-on-this-blog/,/media/2024/fastforward-storybook-7ad70ee20d.jpg,1,,FastForward Business Manager Accelerator Storybook interface.,migration/output/content/posts/it-sure-has-been-quiet-on-this-blog.md,unmatched
/it-sure-has-been-quiet-on-this-blog/,/media/2024/img-7215-47b9f2d828.jpeg,1,,Nanoleaf wall panels configured to display the day's weather for the kids.,migration/output/content/posts/it-sure-has-been-quiet-on-this-blog.md,unmatched
/lets-go-live-customer-migration/,/media/2022/data-breach-7096540e7a.jpg,1,,Security illustration introducing the risks of mishandling customer data.,migration/output/content/posts/lets-go-live-customer-migration.md,unmatched
/lets-go-live-customer-migration/,/media/2022/robot-monitoring-a-screen-4af85584a4.jpg,1,,Monitoring illustration for post-go-live customer migration checks.,migration/output/content/posts/lets-go-live-customer-migration.md,unmatched
/leveraging-generic-mappings-in-sfcc/,/media/2023/job-import-generic-mapping-2cce4b36aa.jpg,1,,Job configuration showing the ImportKeyValueMapping step for generic mappings.,migration/output/content/posts/leveraging-generic-mappings-in-sfcc.md,unmatched
/life-is-about-choices/,/media/2023/img-0051-979cd7bd1c.jpeg,1,,Comic-style family portrait at the zoo underscoring the family-priority theme.,migration/output/content/posts/life-is-about-choices.md,unmatched
/life-is-about-choices/,/media/2023/img-0058-3f3716c170.jpeg,1,,Split-scene illustration contrasting visible career success with unseen sacrifices at home.,migration/output/content/posts/life-is-about-choices.md,unmatched
/local-vs-shared-variation-attributes-sfcc/,/media/2025/defining-shared-variation-attributes-92b82313b9.png,1,,Business Manager path for configuring shared variation attributes.,migration/output/content/posts/local-vs-shared-variation-attributes-sfcc.md,unmatched
/local-vs-shared-variation-attributes-sfcc/,/media/2025/local-variation-attributes-5fad46fb81.png,1,,Product Variations tab showing local variation attributes.,migration/output/content/posts/local-vs-shared-variation-attributes-sfcc.md,unmatched
/local-vs-shared-variation-attributes-sfcc/,/media/2025/shared-variation-attributes-0d55796d17.png,1,,Product Variations tab showing shared variation attributes.,migration/output/content/posts/local-vs-shared-variation-attributes-sfcc.md,unmatched
/mastering-chunk-oriented-job-steps-in-salesforce-b2c-commerce-cloud/,/media/2023/configure-chunk-job-business-manager-ce41f2bdab.jpg,1,,Chunk-oriented job step configuration screen in Business Manager.,migration/output/content/posts/mastering-chunk-oriented-job-steps-in-salesforce-b2c-commerce-cloud.md,unmatched
/mastering-chunk-oriented-job-steps-in-salesforce-b2c-commerce-cloud/,/media/2023/sfcc-job-status-total-count-chunks-299b79ade4.png,1,,Job status view showing processed items when total-count is enabled.,migration/output/content/posts/mastering-chunk-oriented-job-steps-in-salesforce-b2c-commerce-cloud.md,unmatched
/mastering-chunk-oriented-job-steps-in-salesforce-b2c-commerce-cloud/,/media/2023/sfcc-job-status-total-count-chunks-with-total-e82b2b178e.png,1,,Job status view without total-count information for comparison.,migration/output/content/posts/mastering-chunk-oriented-job-steps-in-salesforce-b2c-commerce-cloud.md,unmatched
/navigating-dates-calendars-in-sfcc/,/media/2023/calendar-constructor-warning-83ef0dcd2b.png,1,,Documentation warning about Calendar constructor dates being interpreted in GMT.,migration/output/content/posts/navigating-dates-calendars-in-sfcc.md,unmatched
/navigating-dates-calendars-in-sfcc/,/media/2023/calendar-to-date-warning-a652a2a931.png,1,,Documentation warning that Calendar.toDate loses the configured time zone and returns GMT.,migration/output/content/posts/navigating-dates-calendars-in-sfcc.md,unmatched
/non-technical-sfcc-certifications/,/media/2022/business-analyst-scaled-e1656834912690-1350424ea9.jpg,1,,Illustration representing the Business Analyst certification track.,migration/output/content/posts/non-technical-sfcc-certifications.md,unmatched
/non-technical-sfcc-certifications/,/media/2022/sales-25d69d411e.jpg,1,,Illustration representing the Indirect Sales accreditation path.,migration/output/content/posts/non-technical-sfcc-certifications.md,unmatched
/reflecting-on-2-years-of-blogging/,/media/2024/1601710443407-d2c723ac02.jpeg,1,,Hands-on electronics setup reflecting the return to tinkering as a hobby.,migration/output/content/posts/reflecting-on-2-years-of-blogging.md,unmatched
/salesforce-b2c-commerce-cloud-22-10/,/media/2022/e0468610-0e86-403f-b486-743a38d4b763-d68cf607f8.png,1,,PWA Kit release graphic for version 2.2.0.,migration/output/content/posts/salesforce-b2c-commerce-cloud-22-10.md,unmatched
/salesforce-b2c-commerce-cloud-22-10/,/media/2022/ecdn-staging-464848555e.jpg,1,,Staging eCDN configuration flow for a hybrid storefront.,migration/output/content/posts/salesforce-b2c-commerce-cloud-22-10.md,unmatched
/salesforce-b2c-commerce-cloud-22-10/,/media/2022/new-hook-basket-f116a5da90.jpg,1,,beforePOST v2 basket hook reference in the API documentation.,migration/output/content/posts/salesforce-b2c-commerce-cloud-22-10.md,unmatched
/salesforce-b2c-commerce-cloud-22-10/,/media/2022/origin-shielding-phase3-d9fa09fa33.jpg,1,,Origin shielding rollout note for Demandware.net lockdown.,migration/output/content/posts/salesforce-b2c-commerce-cloud-22-10.md,unmatched
/salesforce-b2c-commerce-cloud-22-10/,/media/2022/sfra-vs-sitegenesis-965c09b9a6.jpg,1,,Comparison between SiteGenesis and SFRA storefront stacks.,migration/output/content/posts/salesforce-b2c-commerce-cloud-22-10.md,unmatched
/salesforce-b2c-commerce-cloud-22-10/,/media/2022/tiktok-bm-9172b705bb.jpg,1,,Business Manager view for the TikTok integration cartridge.,migration/output/content/posts/salesforce-b2c-commerce-cloud-22-10.md,unmatched
/salesforce-b2c-commerce-cloud-22-8/,/media/2022/1da84b9d-7a51-4f6f-bcb0-b0217c4e5cb7-bf0735587c.jpeg,1,,"Change History interface for campaigns, promotions, and coupons.",migration/output/content/posts/salesforce-b2c-commerce-cloud-22-8.md,unmatched
/salesforce-b2c-commerce-cloud-22-8/,/media/2022/ecdn-interface-update-8e83d9ac74.png,1,,Updated eCDN interface workflow for creating storefront zones.,migration/output/content/posts/salesforce-b2c-commerce-cloud-22-8.md,unmatched
/salesforce-b2c-commerce-cloud-22-8/,/media/2022/great-power-responsibility-844bd031ba.jpg,1,,Superhero-style illustration warning that higher HTTPClient limits still require restraint.,migration/output/content/posts/salesforce-b2c-commerce-cloud-22-8.md,unmatched
/salesforce-b2c-commerce-cloud-22-8/,/media/2022/site-specific-quota-limit-information-c67623c0c3.png,1,,Quota settings showing site-specific limit handling.,migration/output/content/posts/salesforce-b2c-commerce-cloud-22-8.md,unmatched
/salesforce-b2c-commerce-cloud-22-9-release/,/media/2022/upload-limit-relaxed-stonks-meme-f8e9bd0b5b.jpg,1,,Meme-style graphic celebrating the higher WebDAV upload limit.,migration/output/content/posts/salesforce-b2c-commerce-cloud-22-9-release.md,unmatched
/salesforce-b2c-commerce-cloud-22-9-release/,/media/2022/venmo-d5992ec262.jpg,1,,AfterPay and Venmo payment options highlighted for Salesforce Payments.,migration/output/content/posts/salesforce-b2c-commerce-cloud-22-9-release.md,unmatched
/salesforce-b2c-commerce-cloud-23-1/,/media/2022/hsts-812238f9bc.jpg,1,,HSTS max-age setting shown in the eCDN interface.,migration/output/content/posts/salesforce-b2c-commerce-cloud-23-1.md,unmatched
/salesforce-b2c-commerce-cloud-23-1/,/media/2022/hsts-business-manager-sfcc-95dbd0264e.jpg,1,,HSTS max-age setting shown in Business Manager.,migration/output/content/posts/salesforce-b2c-commerce-cloud-23-1.md,unmatched
/salesforce-b2c-commerce-cloud-23-10-release-a-comprehensive-overview/,/media/2023/ecdn-renewable-certificates-ae09665c51.png,1,,Business Manager screen for renewable eCDN certificates in the 23.10 release.,migration/output/content/posts/salesforce-b2c-commerce-cloud-23-10-release-a-comprehensive-overview.md,unmatched
/salesforce-b2c-commerce-cloud-23-2/,/media/2023/page-designer-move-e9d6ec4100.gif,1,,Old drag-and-drop component movement in Page Designer.,migration/output/content/posts/salesforce-b2c-commerce-cloud-23-2.md,unmatched
/salesforce-b2c-commerce-cloud-23-2/,/media/2023/page-designer-structure-oldv2-56ca8ab276.jpeg,1,,Old Page Designer structure before the 23.2 redesign.,migration/output/content/posts/salesforce-b2c-commerce-cloud-23-2.md,unmatched
/salesforce-b2c-commerce-cloud-23-3-release/,/media/2023/salesforce-appexchange-654f2875a8.png,1,,AppExchange partner program artwork used for the trial sandbox announcement.,migration/output/content/posts/salesforce-b2c-commerce-cloud-23-3-release.md,unmatched
/salesforce-b2c-commerce-cloud-23-3-release/,/media/2023/slas-admin-ui-1dc5370339.jpg,1,,SLAS Admin UI updated in the 23.3 release.,migration/output/content/posts/salesforce-b2c-commerce-cloud-23-3-release.md,unmatched
/salesforce-b2c-commerce-cloud-catalog-erd/,/media/2023/salesforce-b2c-commerce-cloud-diagram-product-catalog-erd-1-786d548825.png,1,,Product and catalog entity relationship diagram for Salesforce B2C Commerce Cloud.,migration/output/content/posts/salesforce-b2c-commerce-cloud-catalog-erd.md,unmatched
/salesforce-b2c-commerce-cloud-content-erd/,/media/2023/salesforce-b2c-commerce-cloud-diagram-content-erd-1-9255609590.png,1,,Content entity relationship diagram for Salesforce B2C Commerce Cloud.,migration/output/content/posts/salesforce-b2c-commerce-cloud-content-erd.md,unmatched
/salesforce-b2c-commerce-cloud-customer-erd/,/media/2023/salesforce-b2c-commerce-cloud-diagram-customer-erd-0511da2fc0.png,1,,Customer entity relationship diagram for Salesforce B2C Commerce Cloud.,migration/output/content/posts/salesforce-b2c-commerce-cloud-customer-erd.md,unmatched
/salesforce-b2c-commerce-cloud-october-updates/,/media/2022/slas-trusted-agent-099b4e2206.png,1,,Diagram showing SLAS trusted-agent authentication in the October updates article.,migration/output/content/posts/salesforce-b2c-commerce-cloud-october-updates.md,unmatched
/salesforce-b2c-commerce-cloud-the-22-7-release/,/media/2022/social-commerce-salesforce-a88048dff4.jpg,1,,Social commerce artwork introducing the 22.7 release theme.,migration/output/content/posts/salesforce-b2c-commerce-cloud-the-22-7-release.md,unmatched
/salesforce-b2c-commerce-the-22-5-release/,/media/2022/control-center-ods-scheduler-6e883d6157.png,1,,Control Center scheduler for planning on-demand sandbox uptime.,migration/output/content/posts/salesforce-b2c-commerce-the-22-5-release.md,unmatched
/salesforce-b2c-commerce-the-22-5-release/,/media/2022/klarnastripe-6dabc3b122.jpg,1,,Klarna availability within the Salesforce Payments and Stripe flow.,migration/output/content/posts/salesforce-b2c-commerce-the-22-5-release.md,unmatched
/salesforce-b2c-commerce-the-22-5-release/,/media/2022/product-exclusion-list-rule-based-0acada8ea8.png,1,,Rule-based categorization screen showing product exclusion rules.,migration/output/content/posts/salesforce-b2c-commerce-the-22-5-release.md,unmatched
/salesforce-b2c-commerce-the-22-5-release/,/media/2022/tiktok-for-business-e34f4d0876.jpeg,1,,TikTok for Business branding used for the beta integration announcement.,migration/output/content/posts/salesforce-b2c-commerce-the-22-5-release.md,unmatched
/salesforce-commerce-cloud-products/,/media/2022/atonit-tableau-9dae3f80c1.png,1,,Marketplace analytics dashboard from the Atonit product suite.,migration/output/content/posts/salesforce-commerce-cloud-products.md,unmatched
/salesforce-commerce-cloud-products/,/media/2022/b2b-lightning-b6e80d0718.png,1,,B2B Commerce experience built with Lightning components.,migration/output/content/posts/salesforce-commerce-cloud-products.md,unmatched
/salesforce-commerce-cloud-products/,/media/2022/cloudcraze-cd6f91241b.png,1,,CloudCraze storefront example in the Salesforce CRM environment.,migration/output/content/posts/salesforce-commerce-cloud-products.md,unmatched
/salesforce-commerce-cloud-products/,/media/2022/omnichannel-inventory-0b29da8f29.png,1,,Omnichannel Inventory dashboard for shared stock visibility.,migration/output/content/posts/salesforce-commerce-cloud-products.md,unmatched
/salesforce-commerce-cloud-products/,/media/2022/pwa-kit-comparison-07aff406fd.png,1,,Composable Storefront architecture comparing the PWA Kit deployment model.,migration/output/content/posts/salesforce-commerce-cloud-products.md,unmatched
/salesforce-commerce-cloud-products/,/media/2022/salesforce-b2b2c-6f2e4e7217.webp,1,,Commerce on Core storefront for direct-to-consumer selling.,migration/output/content/posts/salesforce-commerce-cloud-products.md,unmatched
/salesforce-commerce-cloud-products/,/media/2022/salesforce-order-management-533a060e99.png,1,,Salesforce Order Management workspace connected to commerce operations.,migration/output/content/posts/salesforce-commerce-cloud-products.md,unmatched
/salesforce-commerce-cloud-products/,/media/2022/sfra-vs-sitegenesis-965c09b9a6.jpg,1,,Comparison between SiteGenesis and SFRA storefront stacks.,migration/output/content/posts/salesforce-commerce-cloud-products.md,unmatched
/salesforce-commerce-cloud-products/,/media/2023/salesforce-payments-7926558e4f.jpg,1,,Salesforce Payments workspace tied to a Stripe-backed checkout flow.,migration/output/content/posts/salesforce-commerce-cloud-products.md,unmatched
/salesforce-connections-2024-and-sfcc/,/media/2024/img-4015-9ece77c62f.jpeg,1,,Wide stadium view from the upper stands looking down at the concert stage.,migration/output/content/posts/salesforce-connections-2024-and-sfcc.md,unmatched
/salesforce-payments-experience-explained/,/media/2023/salesforce-payments-7926558e4f.jpg,1,,Salesforce Payments promotional artwork introducing the getting-started resources.,migration/output/content/posts/salesforce-payments-experience-explained.md,unmatched
/salesforce-payments-experience-explained/,/media/2023/salesforce-payments-business-manager-6773ef14af.webp,1,,Salesforce Payments interface inside Business Manager.,migration/output/content/posts/salesforce-payments-experience-explained.md,unmatched
/server-side-performance-in-sfcc/,/media/2022/performance-dashboard-8a847df133.png,1,,Technical dashboard showing a spike in average response time.,migration/output/content/posts/server-side-performance-in-sfcc.md,unmatched
/server-side-performance-in-sfcc/,/media/2022/pipeline-profile-remote-includes-0e99481937.png,1,,"Pipeline Profiler listing remote includes, including the Tile-Show controller.",migration/output/content/posts/server-side-performance-in-sfcc.md,unmatched
/server-side-performance-in-sfcc/,/media/2022/pipeline-profiler-24fb681d34.png,1,,Pipeline Profiler result for Search-Show with controller and template timings.,migration/output/content/posts/server-side-performance-in-sfcc.md,unmatched
/server-side-performance-in-sfcc/,/media/2022/salesforce-code-profiler-extended-eeb0fcbb69.png,1,,Code Profiler in Extended Script Development Mode with detailed script timings.,migration/output/content/posts/server-side-performance-in-sfcc.md,unmatched
/server-side-performance-in-sfcc/,/media/2023/ocapi-and-scapi-performance-reports-f411be08a3.jpg,1,,OCAPI and SCAPI technical reports showing response time and distribution charts.,migration/output/content/posts/server-side-performance-in-sfcc.md,unmatched
/sfcc-24-1-release-a-new-year-update/,/media/2024/dkim-in-commerce-cloud-0dbe52d4a2.png,1,,Email Settings screen in Business Manager with the new DKIM option.,migration/output/content/posts/sfcc-24-1-release-a-new-year-update.md,unmatched
/sfcc-basket-order-erd/,/media/2023/salesforce-b2c-commerce-cloud-diagram-basket-order-erdv2-3a4ba08328.png,1,,Basket and order entity relationship diagram for Salesforce B2C Commerce Cloud.,migration/output/content/posts/sfcc-basket-order-erd.md,unmatched
/should-i-get-javascript-developer-i-certified/,/media/2022/superbadge-prerequisites-34c7470102.png,1,,Superbadge prerequisites shown for the JavaScript Developer I certification path.,migration/output/content/posts/should-i-get-javascript-developer-i-certified.md,unmatched
/sitegenesis-vs-sfra-vs-pwa/,/media/2022/comparison-sitegenesis-sfra-pwa-5593ba325c.png,1,,"Comparison table contrasting SiteGenesis, SFRA, and PWA Kit characteristics.",migration/output/content/posts/sitegenesis-vs-sfra-vs-pwa.md,unmatched
/sitegenesis-vs-sfra-vs-pwa/,/media/2022/controllers-130298bfb4.png,1,,Controller-based storefront code replacing pipelines in newer architectures.,migration/output/content/posts/sitegenesis-vs-sfra-vs-pwa.md,unmatched
/sitegenesis-vs-sfra-vs-pwa/,/media/2022/pipelines-eed67b4c67.png,1,,Pipeline editor used in legacy SiteGenesis development.,migration/output/content/posts/sitegenesis-vs-sfra-vs-pwa.md,unmatched
/sitegenesis-vs-sfra-vs-pwa/,/media/2022/pwa-kit-03394b0f92.png,1,,PWA Kit storefront running in the managed runtime.,migration/output/content/posts/sitegenesis-vs-sfra-vs-pwa.md,unmatched
/sitegenesis-vs-sfra-vs-pwa/,/media/2022/sfra-vs-sitegenesis-965c09b9a6.jpg,1,,Comparison between SiteGenesis and SFRA storefront stacks.,migration/output/content/posts/sitegenesis-vs-sfra-vs-pwa.md,unmatched
/sitegenesis-vs-sfra-vs-pwa/,/media/2022/sitegenesis-9a921c285a.jpg,1,,SiteGenesis storefront example representing the legacy architecture.,migration/output/content/posts/sitegenesis-vs-sfra-vs-pwa.md,unmatched
/slicing-versus-variation-groups-in-sfcc/,/media/2023/sfcc-slicing-deprecated-42f8438771.png,1,,ProductSearchHit documentation warning that slicing is deprecated in favor of variation groups.,migration/output/content/posts/slicing-versus-variation-groups-in-sfcc.md,unmatched
/slicing-versus-variation-groups-in-sfcc/,/media/2023/variations-quota-limit-sfcc-00862ef947.png,1,,Quota documentation showing the maximum number of variations per base product.,migration/output/content/posts/slicing-versus-variation-groups-in-sfcc.md,unmatched
/storefront-protection-in-the-pwa-kit/,/media/2024/online-protected-sfcc-b0634b710d.jpg,1,,Site Status screen in Business Manager with Online Protected selected.,migration/output/content/posts/storefront-protection-in-the-pwa-kit.md,unmatched
/storefront-protection-in-the-pwa-kit/,/media/2024/storefront-protection-password-sfcc-c017798dc4.png,1,,Protected storefront password field shown after enabling Online Protected.,migration/output/content/posts/storefront-protection-in-the-pwa-kit.md,unmatched
/submit-multipart-form-data-to-a-third-party-service-in-sfcc/,/media/2022/form-service-1-e901798db6.png,1,,Third-party form service screen used in the multipart submission example.,migration/output/content/posts/submit-multipart-form-data-to-a-third-party-service-in-sfcc.md,unmatched
/submitting-a-file-to-a-third-party-service-in-sfcc/,/media/2022/administration-operations-services-ecba1de963.jpg,1,,Administration and Operations menu path to Services.,migration/output/content/posts/submitting-a-file-to-a-third-party-service-in-sfcc.md,unmatched
/submitting-a-file-to-a-third-party-service-in-sfcc/,/media/2022/test-http-post-service-be40e7ba49.jpeg,1,,Example HTTP POST service configuration in Business Manager.,migration/output/content/posts/submitting-a-file-to-a-third-party-service-in-sfcc.md,unmatched
/taming-the-beast-a-developers-deep-dive-into-sfcc-meta-tag-rules/,/media/2025/meta-tag-rule-assignments-sfcc-5de863b5b6.jpg,1,,Assignments screen showing where a meta tag rule is attached in the catalog.,migration/output/content/posts/taming-the-beast-a-developers-deep-dive-into-sfcc-meta-tag-rules.md,unmatched
/taming-the-beast-a-developers-deep-dive-into-sfcc-meta-tag-rules/,/media/2025/meta-tag-rules-definitions-b886cc1425.png,1,,"Meta tag definitions screen listing title, description, robots, and og:url entries.",migration/output/content/posts/taming-the-beast-a-developers-deep-dive-into-sfcc-meta-tag-rules.md,unmatched
/taming-the-beast-a-developers-deep-dive-into-sfcc-meta-tag-rules/,/media/2025/new-meta-tag-rule-sfcc-61609288f7.jpg,1,,Create Entry modal for adding a Product Detail meta tag rule.,migration/output/content/posts/taming-the-beast-a-developers-deep-dive-into-sfcc-meta-tag-rules.md,unmatched
/taming-the-beast-a-developers-deep-dive-into-sfcc-meta-tag-rules/,/media/2025/page-meta-tag-rules-sfcc-preview-8796961d9d.png,1,,Category preview tab showing generated Page Meta Tag Rules output.,migration/output/content/posts/taming-the-beast-a-developers-deep-dive-into-sfcc-meta-tag-rules.md,unmatched
/taming-the-beast-a-developers-deep-dive-into-sfcc-meta-tag-rules/,/media/2025/sfcc-updates-headless-apis-for-meta-tag-rules-f61ced3d60.jpg,1,,SCAPI release update highlighting headless support for meta tag data.,migration/output/content/posts/taming-the-beast-a-developers-deep-dive-into-sfcc-meta-tag-rules.md,unmatched
/the-attribute-fallback-system-in-sfcc/,/media/2024/variation-model-fallback-in-code-docs-1-ba4d97c55f.jpg,1,,Script API documentation excerpt showing attribute fallback behavior in code.,migration/output/content/posts/the-attribute-fallback-system-in-sfcc.md,unmatched
/the-createorders-api-in-sfcc/,/media/2023/slas-ts-ext-on-behalf-of-authentication-3803569585.jpg,1,,Trusted-system extension authentication flow used before calling createOrders.,migration/output/content/posts/the-createorders-api-in-sfcc.md,unmatched
/the-deprecation-of-the-uuid-token-for-api-clients/,/media/2022/account-manager-api-client-token-format-808bcccc72.jpg,1,,Account Manager screen showing API client token format options.,migration/output/content/posts/the-deprecation-of-the-uuid-token-for-api-clients.md,unmatched
/the-importance-of-origin-shielding/,/media/2024/cloudflare-origin-shielding-error-b81358c14c.png,1,,Cloudflare block page shown when origin shielding denies direct access.,migration/output/content/posts/the-importance-of-origin-shielding.md,unmatched
/the-importance-of-origin-shielding/,/media/2024/origin-shielding-v2-280aa345d3.jpg,1,,Illustration of origin shielding protecting an application server from hostile traffic.,migration/output/content/posts/the-importance-of-origin-shielding.md,unmatched
/the-journey-from-developer-to-architect/,/media/2024/salesforce-technical-architect-01186ac1bd.jpg,1,,Illustration introducing the Technical Architect role in Salesforce.,migration/output/content/posts/the-journey-from-developer-to-architect.md,unmatched
/the-journey-from-developer-to-architect/,/media/2024/solution-architect-4a4b8fdff7.jpg,1,,Illustration introducing the Solution Architect role.,migration/output/content/posts/the-journey-from-developer-to-architect.md,unmatched
/the-move-from-on-site-to-remote/,/media/2022/remote-working-e716e903ff.png,1,,Remote-work illustration showing the shift from office life to long-term work from home.,migration/output/content/posts/the-move-from-on-site-to-remote.md,unmatched
/the-move-from-on-site-to-remote/,/media/external/thano-psv24pu9kldk5x8zu262vki7uludwrj46gur4x75jm-99e877453d.jpg,1,,Portrait of Thano used in the family chapter about adapting to remote work.,migration/output/content/posts/the-move-from-on-site-to-remote.md,unmatched
/the-move-from-sitegenesis-and-sfra-to-the-composable-storefront-as-a-developer/,/media/2023/use-your-knowledge-98ac47c97d.jpg,1,,Illustration of a game controller and brain symbolizing transferable developer knowledge.,migration/output/content/posts/the-move-from-sitegenesis-and-sfra-to-the-composable-storefront-as-a-developer.md,unmatched
/the-realm-split-field-guide-to-migrating-an-sfcc-site/,/media/2025/conflicts-across-the-world-on-processes-d64e01a143.jpg,1,,Two business teams pulling in different directions as their shared global process breaks down.,migration/output/content/posts/the-realm-split-field-guide-to-migrating-an-sfcc-site.md,unmatched
/the-realm-split-field-guide-to-migrating-an-sfcc-site/,/media/2025/seo-minefield-03b727d6da.jpg,1,,Navigator crossing an SEO minefield to preserve rankings during migration.,migration/output/content/posts/the-realm-split-field-guide-to-migrating-an-sfcc-site.md,unmatched
/the-realm-split-field-guide-to-migrating-an-sfcc-site/,/media/2025/the-grand-blueprint-v2-9c2bcca94a.jpg,1,,Team collaborating around a blueprint for a phased realm-split migration.,migration/output/content/posts/the-realm-split-field-guide-to-migrating-an-sfcc-site.md,unmatched
/the-request-body-in-an-sfcc-controller/,/media/2023/security-check-border-api-security-5695d3d810.jpg,1,,Border API security check result shown before the request-body error-handling example.,migration/output/content/posts/the-request-body-in-an-sfcc-controller.md,unmatched
/the-salesforce-b2c-commerce-cloud-environment/,/media/2022/system-overview-journey-of-a-request-de0673b3bd.jpeg,1,,Request flow diagram showing how traffic moves through the Salesforce B2C Commerce environment.,migration/output/content/posts/the-salesforce-b2c-commerce-cloud-environment.md,unmatched
/the-salesforce-b2c-commerce-cloud-environment/,/media/2022/system-overview-systems-v2-96d8264c0f.jpeg,1,,System overview diagram of the main Salesforce B2C Commerce environment components.,migration/output/content/posts/the-salesforce-b2c-commerce-cloud-environment.md,unmatched
/the-state-of-ohana-for-salesforce-commerce-cloud/,/media/2022/xchange-c2290f06af.png,1,,Account Manager roles and permissions page still listing the old Xchange integration.,migration/output/content/posts/the-state-of-ohana-for-salesforce-commerce-cloud.md,unmatched
/trailblazerdx-2022-for-b2c-commerce/,/media/2022/weezer-66533fada7.png,1,,TrailblazerDX party announcement featuring Weezer.,migration/output/content/posts/trailblazerdx-2022-for-b2c-commerce.md,unmatched
/understanding-locale-fallback-in-sfcc/,/media/2024/locale-fallback-en-uk-bd32fc597d.png,1,,Example locale fallback configuration for en-GB.,migration/output/content/posts/understanding-locale-fallback-in-sfcc.md,unmatched
/understanding-locale-fallback-in-sfcc/,/media/2024/locale-fallback-explained-bfdfc55392.png,1,,Decision tree showing locale fallback from en_US to en and then default.,migration/output/content/posts/understanding-locale-fallback-in-sfcc.md,unmatched
/understanding-locale-fallback-in-sfcc/,/media/2024/sfcc-localisation-config-e5d2f27043.jpg,1,,Locale configuration screen in Administration and Global Preferences.,migration/output/content/posts/understanding-locale-fallback-in-sfcc.md,unmatched
/understanding-sfcc-instances/,/media/2023/pod-realm-and-instances-transparent-65c6b4e389.png,1,,"Diagram of a pod, realm, and the related Salesforce B2C Commerce instances.",migration/output/content/posts/understanding-sfcc-instances.md,unmatched
/understanding-sfcc-instances/,/media/2023/woman-developer-working-on-a-project-1-4710b72058.jpeg,1,,Developer working on implementation tasks for a Salesforce B2C Commerce project.,migration/output/content/posts/understanding-sfcc-instances.md,unmatched
/unravelling-the-mystery-of-dates-in-the-ocapi/,/media/2023/measuring-dates-7c1931cecc.jpg,1,,Calendars and ruler illustration introducing OCAPI date-range filtering.,migration/output/content/posts/unravelling-the-mystery-of-dates-in-the-ocapi.md,unmatched
/versioning-of-content-assets/,/media/2022/revision-blog-12e6fdce00.jpg,1,,Elementor revision history screen used to illustrate missing content-asset versioning.,migration/output/content/pages/versioning-of-content-assets.md,unmatched
/video/,/media/2022/yte-hd-image-96d2c1f499.jpg,1,,Video thumbnail for EP9: Thomas Theunen - Golden Hoodie Recipient 2022.,migration/output/content/pages/video.md,unmatched
/video/,/media/external/maxresdefault-69627c54a3.jpg,1,,Video thumbnail for Connections 2022 - Receiving the Golden Hoodie.,migration/output/content/pages/video.md,unmatched
/video/,/media/external/maxresdefault-7015ae5c52.jpg,1,,Video thumbnail for The path to being an Architect.,migration/output/content/pages/video.md,unmatched
/video/,/media/external/maxresdefault-8d65474e08.jpg,1,,Video thumbnail for FORWARD TV - Headless.,migration/output/content/pages/video.md,unmatched
/video/,/media/external/maxresdefault-cca267c1bb.jpg,1,,Video thumbnail for Connecting The Clouds: Wedding or funeral.,migration/output/content/pages/video.md,unmatched
/video/,/media/external/maxresdefault-d89d97bb12.jpg,1,,"Video thumbnail for Me, Myself and Headless: A composable Commerce Cloud Story.",migration/output/content/pages/video.md,unmatched
/what-can-i-use-chatgpt-for-when-working-with-salesforce/,/media/2022/chatgpt-faq-2022-40f4e275e1.jpeg,1,,ChatGPT FAQ entry that explains how conversation data may be used.,migration/output/content/posts/what-can-i-use-chatgpt-for-when-working-with-salesforce.md,unmatched
/what-can-i-use-chatgpt-for-when-working-with-salesforce/,/media/2022/chatgpt-warnings-5212d4f2bc.jpeg,1,,ChatGPT home page warning that answers may be inaccurate or harmful.,migration/output/content/posts/what-can-i-use-chatgpt-for-when-working-with-salesforce.md,unmatched
/what-can-i-use-chatgpt-for-when-working-with-salesforce/,/media/2022/salesforce-apex-trigger-chatgpt-download-reviews-02315d688b.jpeg,1,,ChatGPT Apex trigger attempt for downloading product reviews.,migration/output/content/posts/what-can-i-use-chatgpt-for-when-working-with-salesforce.md,unmatched
/what-can-i-use-chatgpt-for-when-working-with-salesforce/,/media/2022/salesforce-apex-trigger-fixed-chatgpt-4f14ff15f9.jpeg,1,,Revised Apex trigger attempt after asking ChatGPT to improve the code.,migration/output/content/posts/what-can-i-use-chatgpt-for-when-working-with-salesforce.md,unmatched
/what-can-i-use-chatgpt-for-when-working-with-salesforce/,/media/2022/sfra-prepend-controller-chatgpt-67cd953d79.jpeg,1,,ChatGPT attempt to prepend an SFRA controller.,migration/output/content/posts/what-can-i-use-chatgpt-for-when-working-with-salesforce.md,unmatched
/what-can-i-use-chatgpt-for-when-working-with-salesforce/,/media/2022/sfra-prepend-reviews-chatgpt-attempt2-d8dd9d7540.jpeg,1,,Second ChatGPT attempt to prepend SFRA review logic.,migration/output/content/posts/what-can-i-use-chatgpt-for-when-working-with-salesforce.md,unmatched
/what-does-the-composable-storefront-mean-for-sfcc-developers/,/media/2022/e094f768-3336-403f-8c75-9013cb07df2f-b7c7a5e8f2.png,1,,Graphic illustrating the long-term acceleration of computing progress.,migration/output/content/posts/what-does-the-composable-storefront-mean-for-sfcc-developers.md,unmatched
/what-does-the-composable-storefront-mean-for-sfcc-developers/,/media/2023/salesforce-commerce-cloud-monolith-e3f50eb05b.jpg,1,,Illustration representing the strengths of a monolithic commerce architecture.,migration/output/content/posts/what-does-the-composable-storefront-mean-for-sfcc-developers.md,unmatched
/what-is-commerce-on-core/,/media/2022/commerce-on-core-fda7921efd.jpg,1,,Dreamforce keynote slide hinting at Commerce on Core.,migration/output/content/posts/what-is-commerce-on-core.md,unmatched
/what-is-commerce-on-core/,/media/2022/commerce-on-core-subscriptions-6a0584ff6d.jpg,1,,Partner presentation slide showing multiple Commerce on Core shapes.,migration/output/content/posts/what-is-commerce-on-core.md,unmatched
/what-is-commerce-on-core/,/media/2022/composable-storefront-6b029b5901.png,1,,Composable Storefront architecture sitting on top of SCAPI services.,migration/output/content/posts/what-is-commerce-on-core.md,unmatched
/what-is-commerce-on-core/,/media/2022/confused-people-on-the-street-1713a479da.jpg,1,,People reacting with uncertainty while considering a future platform migration.,migration/output/content/posts/what-is-commerce-on-core.md,unmatched
/what-is-commerce-on-core/,/media/2022/experience-cloud-c8e89ddba1.jpg,1,,Experience Cloud interface representing the likely foundation for Commerce on Core.,migration/output/content/posts/what-is-commerce-on-core.md,unmatched
/what-is-commerce-on-core/,/media/2022/salesforceflow-8728e6c02c.jpg,1,,Salesforce Flow builder as a no-code automation option on the core platform.,migration/output/content/posts/what-is-commerce-on-core.md,unmatched
/what-is-new-in-sfcc-24-6/,/media/2024/search-query-testing-tool-sfcc-8fb16cf218.jpg,1,,Search Index Query Testing tool showing active-data sorting support.,migration/output/content/posts/what-is-new-in-sfcc-24-6.md,unmatched
/what-is-new-in-the-23-8-commerce-cloud-release/,/media/2023/salesforce-identity-b628afdc63.jpeg,1,,Salesforce Identity screen showing sign-in with external identity services.,migration/output/content/posts/what-is-new-in-the-23-8-commerce-cloud-release.md,unmatched
/what-is-oci-omnichannel-inventory/,/media/2022/oci-included-in-license-b4aca05118.png,1,,Quip note highlighting that OCI is included for B2C Commerce customers.,migration/output/content/posts/what-is-oci-omnichannel-inventory.md,unmatched
/what-is-oci-omnichannel-inventory/,/media/2022/omnichannel-inventory-0b29da8f29.png,1,,Omnichannel Inventory app interface for managing locations and availability.,migration/output/content/posts/what-is-oci-omnichannel-inventory.md,unmatched
/what-is-the-sfcc-managed-runtime/,/media/2023/salesforce-commerce-cloud-managed-runtime-e2b922960d.jpg,1,,Managed Runtime project list showing one organization with two storefront projects.,migration/output/content/posts/what-is-the-sfcc-managed-runtime.md,unmatched
/where-is-the-new-sfcc-documentation/,/media/2023/charles-lavery-dash-2de6a904d6.jpg,1,,Dash app indexing the B2C Commerce API documentation for offline lookup.,migration/output/content/posts/where-is-the-new-sfcc-documentation.md,unmatched
/where-to-start-when-you-are-new-to-salesforce-b2c-commerce-cloud-development/,/media/2023/sfcc-unofficial-slack-c73cdc0350.png,1,,Unofficial SFCC community homepage featuring the Slack entry point.,migration/output/content/posts/where-to-start-when-you-are-new-to-salesforce-b2c-commerce-cloud-development.md,unmatched
/why-circumventing-sfcc-quota-limits-is-a-bad-idea/,/media/2023/quota-limit-warning-7f7a47522c.jpg,1,,Business Manager warning showing that the array-size quota limit has been reached.,migration/output/content/posts/why-circumventing-sfcc-quota-limits-is-a-bad-idea.md,unmatched
