source_id,primary_source_type,source_channel_set,source_url,target_file,target_url,disposition,conversion_mode,media_status,seo_status,a11y_status,security_status,url_parity_status,content_corrections_status,qa_status,owner
10100,wxr,"filesystem,wxr",/chasing-clouds-catching-up-with-the-commercecrew-at-dreamforce-2023/,migration/output/content/posts/chasing-clouds-catching-up-with-the-commercecrew-at-dreamforce-2023.md,/chasing-clouds-catching-up-with-the-commercecrew-at-dreamforce-2023/,keep,markdown,ok,warn,pass,pass,pass,corrected,review-required,Engineering Owner
1011,wxr,wxr,/preparing-for-the-b2c-commerce-developer-certification/,migration/output/content/posts/preparing-for-the-b2c-commerce-developer-certification.md,/preparing-for-the-b2c-commerce-developer-certification/,keep,markdown,ok,pass,pass,pass,pass,clean,ready,Engineering Owner
1012,wxr,"filesystem,wxr",/wp-content/uploads/2022/03/b2c-commerce-developer.png,,,retire,manual,ok,pass,pass,pass,pass,clean,ready,Engineering Owner
10175,wxr,"filesystem,wxr",/salesforce-b2c-commerce-cloud-23-10-release-a-comprehensive-overview/,migration/output/content/posts/salesforce-b2c-commerce-cloud-23-10-release-a-comprehensive-overview.md,/salesforce-b2c-commerce-cloud-23-10-release-a-comprehensive-overview/,keep,markdown,ok,warn,pass,pass,pass,corrected,review-required,Engineering Owner
10204,wxr,"filesystem,wxr",/wp-content/uploads/2023/10/ecdn-renewable-certificates.png,,,retire,manual,ok,pass,pass,pass,pass,clean,ready,Engineering Owner
10375,wxr,"filesystem,wxr",/wp-content/uploads/2023/10/2d9abc21-7f77-4b94-81a5-07f15a0c28d3.pdf,,,retire,manual,ok,pass,pass,pass,pass,clean,ready,Engineering Owner
10453,wxr,"filesystem,wxr",/new-apis-and-features-for-a-headless-sfcc/,migration/output/content/posts/new-apis-and-features-for-a-headless-sfcc.md,/new-apis-and-features-for-a-headless-sfcc/,keep,markdown,ok,pass,pass,pass,pass,clean,ready,Engineering Owner
10508,wxr,"filesystem,wxr",/slicing-versus-variation-groups-in-sfcc/,migration/output/content/posts/slicing-versus-variation-groups-in-sfcc.md,/slicing-versus-variation-groups-in-sfcc/,keep,markdown,ok,warn,pass,pass,pass,corrected,review-required,Engineering Owner
10531,wxr,"filesystem,wxr",/wp-content/uploads/2023/11/base-variation-group-variant-explained.png,,,retire,manual,ok,pass,pass,pass,pass,clean,ready,Engineering Owner
10571,wxr,"filesystem,wxr",/wp-content/uploads/2023/11/b2c-commerce-variation-group-guide.pdf,,,retire,manual,ok,pass,pass,pass,pass,clean,ready,Engineering Owner
10587,wxr,"filesystem,wxr",/leveraging-generic-mappings-in-sfcc/,migration/output/content/posts/leveraging-generic-mappings-in-sfcc.md,/leveraging-generic-mappings-in-sfcc/,keep,markdown,ok,pass,pass,pass,pass,corrected,review-required,Engineering Owner
1061,wxr,"filesystem,wxr",/is-salesforce-certification-worth-it/,migration/output/content/posts/is-salesforce-certification-worth-it.md,/is-salesforce-certification-worth-it/,keep,markdown,ok,warn,pass,pass,pass,corrected,review-required,Engineering Owner
10612,wxr,"filesystem,wxr",/wp-content/uploads/2023/11/job-import-generic-mapping.jpg,,,retire,manual,ok,pass,pass,pass,pass,clean,ready,Engineering Owner
10642,wxr,"filesystem,wxr",/mastering-chunk-oriented-job-steps-in-salesforce-b2c-commerce-cloud/,migration/output/content/posts/mastering-chunk-oriented-job-steps-in-salesforce-b2c-commerce-cloud.md,/mastering-chunk-oriented-job-steps-in-salesforce-b2c-commerce-cloud/,keep,markdown,ok,warn,pass,pass,pass,corrected,review-required,Engineering Owner
10660,wxr,"filesystem,wxr",/wp-content/uploads/2023/12/configure-chunk-job-business-manager-scaled.jpg,,,retire,manual,ok,pass,pass,pass,pass,clean,ready,Engineering Owner
10683,wxr,"filesystem,wxr",/why-circumventing-sfcc-quota-limits-is-a-bad-idea/,migration/output/content/posts/why-circumventing-sfcc-quota-limits-is-a-bad-idea.md,/why-circumventing-sfcc-quota-limits-is-a-bad-idea/,keep,markdown,ok,warn,pass,pass,pass,corrected,review-required,Engineering Owner
10690,wxr,"filesystem,wxr",/wp-content/uploads/2023/12/quota-limit-warning-scaled.jpg,,,retire,manual,ok,pass,pass,pass,pass,clean,ready,Engineering Owner
10723,wxr,"filesystem,wxr",/wp-content/uploads/2023/11/variations-quota-limit-sfcc.png,,,retire,manual,ok,pass,pass,pass,pass,clean,ready,Engineering Owner
1077,wxr,wxr,/video/,migration/output/content/pages/video.md,/video/,keep,markdown,ok,pass,pass,pass,pass,corrected,review-required,Engineering Owner
1087,wxr,"filesystem,wxr",/versioning-of-content-assets/,migration/output/content/pages/versioning-of-content-assets.md,/versioning-of-content-assets/,keep,markdown,ok,warn,pass,pass,pass,corrected,review-required,Engineering Owner
10919,wxr,"filesystem,wxr",/unravelling-the-mystery-of-dates-in-the-ocapi/,migration/output/content/posts/unravelling-the-mystery-of-dates-in-the-ocapi.md,/unravelling-the-mystery-of-dates-in-the-ocapi/,keep,markdown,ok,pass,pass,pass,pass,corrected,review-required,Engineering Owner
10982,wxr,"filesystem,wxr",/wp-content/uploads/2024/02/webdav-client-application-permissions.png,,,retire,manual,ok,pass,pass,pass,pass,clean,ready,Engineering Owner
10986,wxr,"filesystem,wxr",/wp-content/uploads/2024/02/webdav-role-permissions.png,,,retire,manual,ok,pass,pass,pass,pass,clean,ready,Engineering Owner
11082,wxr,"filesystem,wxr",/sfcc-24-1-release-a-new-year-update/,migration/output/content/posts/sfcc-24-1-release-a-new-year-update.md,/sfcc-24-1-release-a-new-year-update/,keep,markdown,ok,pass,pass,pass,pass,corrected,review-required,Engineering Owner
11181,wxr,"filesystem,wxr",/understanding-locale-fallback-in-sfcc/,migration/output/content/posts/understanding-locale-fallback-in-sfcc.md,/understanding-locale-fallback-in-sfcc/,keep,markdown,ok,warn,pass,pass,pass,corrected,review-required,Engineering Owner
11198,wxr,"filesystem,wxr",/wp-content/uploads/2024/01/sfcc-localisation-config.jpg,,,retire,manual,ok,pass,pass,pass,pass,clean,ready,Engineering Owner
1124,wxr,"filesystem,wxr",/server-side-performance-in-sfcc/,migration/output/content/posts/server-side-performance-in-sfcc.md,/server-side-performance-in-sfcc/,keep,markdown,ok,warn,pass,pass,pass,corrected,review-required,Engineering Owner
11242,wxr,"filesystem,wxr",/wp-content/uploads/2024/01/locale-fallback-en-uk.png,,,retire,manual,ok,pass,pass,pass,pass,clean,ready,Engineering Owner
11255,wxr,"filesystem,wxr",/a-look-at-the-salesforce-b2c-commerce-cloud-24-2-release/,migration/output/content/posts/a-look-at-the-salesforce-b2c-commerce-cloud-24-2-release.md,/a-look-at-the-salesforce-b2c-commerce-cloud-24-2-release/,keep,markdown,ok,warn,pass,pass,pass,corrected,review-required,Engineering Owner
11307,wxr,"filesystem,wxr",/wp-content/uploads/2024/02/package-json-changes-7.0.0.png,,,retire,manual,ok,pass,pass,pass,pass,clean,ready,Engineering Owner
11312,wxr,"filesystem,wxr",/wp-content/uploads/2024/02/partioned-cookies-in-sfcc.png,,,retire,manual,ok,pass,pass,pass,pass,clean,ready,Engineering Owner
11362,wxr,"filesystem,wxr",/the-attribute-fallback-system-in-sfcc/,migration/output/content/posts/the-attribute-fallback-system-in-sfcc.md,/the-attribute-fallback-system-in-sfcc/,keep,markdown,ok,warn,pass,pass,pass,corrected,review-required,Engineering Owner
1139,wxr,"filesystem,wxr",/wp-content/uploads/2022/06/performance-dashboard.png,,,retire,manual,ok,pass,pass,pass,pass,clean,ready,Engineering Owner
11453,wxr,"filesystem,wxr",/wp-content/uploads/2024/02/javascript-and-css-scoping-in-sfra-2.png,,,retire,manual,ok,pass,pass,pass,pass,clean,ready,Engineering Owner
11566,wxr,"filesystem,wxr",/digging-into-the-b2c-commerce-cloud-24-3-release/,migration/output/content/posts/digging-into-the-b2c-commerce-cloud-24-3-release.md,/digging-into-the-b2c-commerce-cloud-24-3-release/,keep,markdown,ok,warn,pass,pass,pass,corrected,review-required,Engineering Owner
1161,wxr,"filesystem,wxr",/the-move-from-on-site-to-remote/,migration/output/content/posts/the-move-from-on-site-to-remote.md,/the-move-from-on-site-to-remote/,keep,markdown,ok,warn,pass,pass,pass,corrected,review-required,Engineering Owner
11627,wxr,"filesystem,wxr",/reflecting-on-2-years-of-blogging/,migration/output/content/posts/reflecting-on-2-years-of-blogging.md,/reflecting-on-2-years-of-blogging/,keep,markdown,ok,warn,pass,pass,pass,corrected,review-required,Engineering Owner
11658,wxr,"filesystem,wxr",/in-the-ring-ocapi-versus-scapi/,migration/output/content/posts/in-the-ring-ocapi-versus-scapi.md,/in-the-ring-ocapi-versus-scapi/,keep,markdown,ok,pass,pass,pass,pass,clean,ready,Engineering Owner
11710,wxr,wxr,/migrate-magento-passwords-using-argon2/,migration/output/content/posts/migrate-magento-passwords-using-argon2.md,/migrate-magento-passwords-using-argon2/,keep,markdown,ok,warn,pass,pass,pass,clean,review-required,Engineering Owner
11734,wxr,"filesystem,wxr",/getting-to-know-the-sfcc-24-4-release/,migration/output/content/posts/getting-to-know-the-sfcc-24-4-release.md,/getting-to-know-the-sfcc-24-4-release/,keep,markdown,ok,pass,pass,pass,pass,corrected,review-required,Engineering Owner
1179,wxr,wxr,/elementor-landing-page-1179/,,,retire,manual,ok,pass,pass,pass,pass,clean,ready,Engineering Owner
11800,wxr,"filesystem,wxr",/the-sunsetting-of-arc300-architect-b2c-commerce-solutions/,migration/output/content/posts/the-sunsetting-of-arc300-architect-b2c-commerce-solutions.md,/the-sunsetting-of-arc300-architect-b2c-commerce-solutions/,keep,markdown,ok,pass,pass,pass,pass,clean,ready,Engineering Owner
11813,wxr,wxr,/getting-secured-with-the-24-5-salesforce-b2c-commerce-cloud-release/,migration/output/content/posts/getting-secured-with-the-24-5-salesforce-b2c-commerce-cloud-release.md,/getting-secured-with-the-24-5-salesforce-b2c-commerce-cloud-release/,keep,markdown,ok,warn,pass,pass,pass,corrected,review-required,Engineering Owner
11871,wxr,"filesystem,wxr",/salesforce-connections-2024-and-sfcc/,migration/output/content/posts/salesforce-connections-2024-and-sfcc.md,/salesforce-connections-2024-and-sfcc/,keep,markdown,ok,pass,pass,pass,pass,corrected,review-required,Engineering Owner
11960,wxr,"filesystem,wxr",/what-is-new-in-sfcc-24-6/,migration/output/content/posts/what-is-new-in-sfcc-24-6.md,/what-is-new-in-sfcc-24-6/,keep,markdown,ok,warn,pass,pass,pass,corrected,review-required,Engineering Owner
12020,wxr,wxr,/the-latest-in-sfcc-version-24-7/,migration/output/content/posts/the-latest-in-sfcc-version-24-7.md,/the-latest-in-sfcc-version-24-7/,keep,markdown,ok,warn,pass,pass,pass,corrected,review-required,Engineering Owner
1207,wxr,"filesystem,wxr",/lets-go-live-ecdn/,migration/output/content/posts/lets-go-live-ecdn.md,/lets-go-live-ecdn/,keep,markdown,ok,pass,pass,pass,pass,corrected,review-required,Engineering Owner
12087,wxr,"filesystem,wxr",/it-sure-has-been-quiet-on-this-blog/,migration/output/content/posts/it-sure-has-been-quiet-on-this-blog.md,/it-sure-has-been-quiet-on-this-blog/,keep,markdown,ok,warn,pass,pass,pass,corrected,review-required,Engineering Owner
1210,wxr,"filesystem,wxr",/wp-content/uploads/2022/07/ecdn-overview.png,,,retire,manual,ok,pass,pass,pass,pass,clean,ready,Engineering Owner
12129,wxr,"filesystem,wxr",/where-to-hook-into-an-sfra-controller/,migration/output/content/posts/where-to-hook-into-an-sfra-controller.md,/where-to-hook-into-an-sfra-controller/,keep,markdown,ok,pass,pass,pass,pass,corrected,review-required,Engineering Owner
1214,wxr,"filesystem,wxr",/wp-content/uploads/2022/07/add-dns-record-domain.com_.jpg,,,retire,manual,ok,pass,pass,pass,pass,clean,ready,Engineering Owner
12174,wxr,"filesystem,wxr",/wp-content/uploads/2024/10/sfra-prepend-home-show.jpg,,,retire,manual,ok,pass,pass,pass,pass,clean,ready,Engineering Owner
12231,wxr,"filesystem,wxr",/caching-in-the-sfcc-composable-storefront/,migration/output/content/posts/caching-in-the-sfcc-composable-storefront.md,/caching-in-the-sfcc-composable-storefront/,keep,markdown,ok,warn,pass,pass,pass,corrected,review-required,Engineering Owner
12232,wxr,"filesystem,wxr",/wp-content/uploads/2024/10/multi-layered-caching.jpg,,,retire,manual,ok,pass,pass,pass,pass,clean,ready,Engineering Owner
1227,wxr,"filesystem,wxr",/wp-content/uploads/2022/07/ecdn-add-hostname.png,,,retire,manual,ok,pass,pass,pass,pass,clean,ready,Engineering Owner
1228,wxr,"filesystem,wxr",/wp-content/uploads/2022/07/ecdn-add-hostname-second-step.png,,,retire,manual,ok,pass,pass,pass,pass,clean,ready,Engineering Owner
1229,wxr,"filesystem,wxr",/wp-content/uploads/2022/07/ecdn-verification-needed.png,,,retire,manual,ok,pass,pass,pass,pass,clean,ready,Engineering Owner
1230,wxr,"filesystem,wxr",/wp-content/uploads/2022/07/ecdn-verification-needed-step2.png,,,retire,manual,ok,pass,pass,pass,pass,clean,ready,Engineering Owner
12321,wxr,"filesystem,wxr",/wp-content/uploads/2024/10/scapi-server-side-web-tier-caching.jpg,,,retire,manual,ok,pass,pass,pass,pass,clean,ready,Engineering Owner
12325,wxr,"filesystem,wxr",/should-i-use-sfra-rest-endpoints-in-a-composable-storefront/,migration/output/content/posts/should-i-use-sfra-rest-endpoints-in-a-composable-storefront.md,/should-i-use-sfra-rest-endpoints-in-a-composable-storefront/,keep,markdown,ok,warn,pass,pass,pass,clean,review-required,Engineering Owner
12372,wxr,"filesystem,wxr",/the-importance-of-origin-shielding/,migration/output/content/posts/the-importance-of-origin-shielding.md,/the-importance-of-origin-shielding/,keep,markdown,ok,warn,pass,pass,pass,corrected,review-required,Engineering Owner
1242,wxr,"filesystem,wxr",/wp-content/uploads/2022/07/ecdn-crypto-settings.png,,,retire,manual,ok,pass,pass,pass,pass,clean,ready,Engineering Owner
12435,wxr,wxr,/swc-and-storybook-error-failed-to-load-native-binding/,migration/output/content/pages/swc-and-storybook-error-failed-to-load-native-binding.md,/swc-and-storybook-error-failed-to-load-native-binding/,keep,markdown,ok,pass,pass,pass,pass,clean,ready,Engineering Owner
1244,wxr,"filesystem,wxr",/wp-content/uploads/2022/07/ecdn-upload-certificate.png,,,retire,manual,ok,pass,pass,pass,pass,clean,ready,Engineering Owner
1245,wxr,"filesystem,wxr",/wp-content/uploads/2022/07/ecdn-firewall-settings.png,,,retire,manual,ok,pass,pass,pass,pass,clean,ready,Engineering Owner
12459,wxr,wxr,/sfcc-introduction/,migration/output/content/posts/sfcc-introduction.md,/sfcc-introduction/,keep,markdown,ok,warn,pass,pass,pass,clean,review-required,Engineering Owner
1246,wxr,"filesystem,wxr",/wp-content/uploads/2022/07/ecdn-waf-settings.png,,,retire,manual,ok,pass,pass,pass,pass,clean,ready,Engineering Owner
1247,wxr,"filesystem,wxr",/wp-content/uploads/2022/07/ecdn-speed-settings.png,,,retire,manual,ok,pass,pass,pass,pass,clean,ready,Engineering Owner
1249,wxr,"filesystem,wxr",/wp-content/uploads/2022/07/ecdn-customize-settings.png,,,retire,manual,ok,pass,pass,pass,pass,clean,ready,Engineering Owner
12535,wxr,"filesystem,wxr",/third-party-api-caching-in-commerce-cloud/,migration/output/content/posts/third-party-api-caching-in-commerce-cloud.md,/third-party-api-caching-in-commerce-cloud/,keep,markdown,ok,warn,pass,pass,pass,corrected,review-required,Engineering Owner
12548,wxr,"filesystem,wxr",/wp-content/uploads/2024/11/configuring-underlying-clients.png,,,retire,manual,ok,pass,pass,pass,pass,clean,ready,Engineering Owner
12549,wxr,"filesystem,wxr",/wp-content/uploads/2024/11/clearing-httpclient-response-cache.png,,,retire,manual,ok,pass,pass,pass,pass,clean,ready,Engineering Owner
12553,wxr,"filesystem,wxr",/wp-content/uploads/2024/11/third-party-service-caching-results-e1731261763486.jpg,,,retire,manual,ok,pass,pass,pass,pass,clean,ready,Engineering Owner
12572,wxr,"filesystem,wxr",/wp-content/uploads/2024/11/cloudflare-origin-shielding-error.png,,,retire,manual,ok,pass,pass,pass,pass,clean,ready,Engineering Owner
1265,wxr,"filesystem,wxr",/certifications-for-salesforce-b2c-commerce-cloud/,migration/output/content/posts/certifications-for-salesforce-b2c-commerce-cloud.md,/certifications-for-salesforce-b2c-commerce-cloud/,keep,markdown,ok,pass,pass,pass,pass,corrected,review-required,Engineering Owner
12680,wxr,"filesystem,wxr",/wp-content/uploads/2024/11/sfcc-service-framework.jpg,,,retire,manual,ok,pass,pass,pass,pass,clean,ready,Engineering Owner
12739,wxr,"filesystem,wxr",/storefront-protection-in-the-pwa-kit/,migration/output/content/posts/storefront-protection-in-the-pwa-kit.md,/storefront-protection-in-the-pwa-kit/,keep,markdown,ok,warn,pass,pass,pass,corrected,review-required,Engineering Owner
12742,wxr,"filesystem,wxr",/wp-content/uploads/2024/11/online-protected-sfcc.jpg,,,retire,manual,ok,pass,pass,pass,pass,clean,ready,Engineering Owner
12743,wxr,"filesystem,wxr",/wp-content/uploads/2024/11/storefront-protection-password-sfcc.png,,,retire,manual,ok,pass,pass,pass,pass,clean,ready,Engineering Owner
12775,wxr,"filesystem,wxr",/sending-emails-from-sfcc/,migration/output/content/posts/sending-emails-from-sfcc.md,/sending-emails-from-sfcc/,keep,markdown,ok,warn,pass,pass,pass,corrected,review-required,Engineering Owner
12791,wxr,"filesystem,wxr",/wp-content/uploads/2024/12/sfcc-email-settings.png,,,retire,manual,ok,pass,pass,pass,pass,clean,ready,Engineering Owner
12885,wxr,"filesystem,wxr",/wp-content/uploads/2025/03/send_ext_order_feeds_to_einstein.pdf,,,retire,manual,ok,pass,pass,pass,pass,clean,ready,Engineering Owner
12891,wxr,"filesystem,wxr",/local-vs-shared-variation-attributes-sfcc/,migration/output/content/posts/local-vs-shared-variation-attributes-sfcc.md,/local-vs-shared-variation-attributes-sfcc/,keep,markdown,ok,pass,pass,pass,pass,corrected,review-required,Engineering Owner
12922,wxr,"filesystem,wxr",/wp-content/uploads/2025/04/shared-variation-attributes.png,,,retire,manual,ok,pass,pass,pass,pass,clean,ready,Engineering Owner
12928,wxr,"filesystem,wxr",/wp-content/uploads/2025/04/defining-shared-variation-attributes.png,,,retire,manual,ok,pass,pass,pass,pass,clean,ready,Engineering Owner
12947,wxr,"filesystem,wxr",/mastering-sitemaps-in-sfcc/,migration/output/content/posts/mastering-sitemaps-in-sfcc.md,/mastering-sitemaps-in-sfcc/,keep,markdown,ok,warn,pass,pass,pass,corrected,review-required,Engineering Owner
12950,wxr,"filesystem,wxr",/wp-content/uploads/2025/06/sitemap-business-manager-sfcc.jpg,,,retire,manual,ok,pass,pass,pass,pass,clean,ready,Engineering Owner
12957,wxr,"filesystem,wxr",/wp-content/uploads/2025/06/sitemap-business-manager-job.jpg,,,retire,manual,ok,pass,pass,pass,pass,clean,ready,Engineering Owner
12961,wxr,"filesystem,wxr",/wp-content/uploads/2025/06/sitemap-business-manager-custom-sitemaps-sfcc.png,,,retire,manual,ok,pass,pass,pass,pass,clean,ready,Engineering Owner
12990,wxr,"filesystem,wxr",/lag-to-riches-a-pwa-kit-developers-guide/,migration/output/content/posts/lag-to-riches-a-pwa-kit-developers-guide.md,/lag-to-riches-a-pwa-kit-developers-guide/,keep,markdown,ok,warn,pass,pass,pass,corrected,review-required,Engineering Owner
13053,wxr,"filesystem,wxr",/wp-content/uploads/2025/06/core-web-vitals-visualised-e1750704059141.jpg,,,retire,manual,ok,pass,pass,pass,pass,clean,ready,Engineering Owner
13057,wxr,"filesystem,wxr",/wp-content/uploads/2025/06/server-side-rendering-client-side.jpg,,,retire,manual,ok,pass,pass,pass,pass,clean,ready,Engineering Owner
13061,wxr,"filesystem,wxr",/wp-content/uploads/2025/06/spa-performance-bottlenecks-scaled.jpeg,,,retire,manual,ok,pass,pass,pass,pass,clean,ready,Engineering Owner
13065,wxr,"filesystem,wxr",/wp-content/uploads/2025/06/taming-the-third-party-script-beast-scaled.jpeg,,,retire,manual,ok,pass,pass,pass,pass,clean,ready,Engineering Owner
1307,wxr,"filesystem,wxr",/salesforce-b2c-commerce-the-22-5-release/,migration/output/content/posts/salesforce-b2c-commerce-the-22-5-release.md,/salesforce-b2c-commerce-the-22-5-release/,keep,markdown,ok,warn,pass,pass,pass,corrected,review-required,Engineering Owner
13098,wxr,"filesystem,wxr",/ai-wont-steal-your-sfcc-job-but-a-developer-using-ai-will/,migration/output/content/posts/ai-wont-steal-your-sfcc-job-but-a-developer-using-ai-will.md,/ai-wont-steal-your-sfcc-job-but-a-developer-using-ai-will/,keep,markdown,ok,warn,pass,pass,pass,clean,review-required,Engineering Owner
13099,wxr,"filesystem,wxr",/wp-content/uploads/2025/06/rhino-with-ai-agents-scaled.jpeg,,,retire,manual,ok,pass,pass,pass,pass,clean,ready,Engineering Owner
13104,wxr,"filesystem,wxr",/wp-content/uploads/2025/06/img_0132-scaled.jpeg,,,retire,manual,ok,pass,pass,pass,pass,clean,ready,Engineering Owner
13114,wxr,"filesystem,wxr",/wp-content/uploads/2025/06/the-architect-mindset-as-a-developer-with-ai-scaled.jpeg,,,retire,manual,ok,pass,pass,pass,pass,clean,ready,Engineering Owner
13136,wxr,"filesystem,wxr",/wp-content/uploads/2025/06/the-ai-composer-scaled.jpeg,,,retire,manual,ok,pass,pass,pass,pass,clean,ready,Engineering Owner
13140,wxr,"filesystem,wxr",/wp-content/uploads/2025/06/ai-rubber-duck-scaled.jpeg,,,retire,manual,ok,pass,pass,pass,pass,clean,ready,Engineering Owner
1319,wxr,"filesystem,wxr",/wp-content/uploads/2022/04/product-exclusion-list-rule-based.png,,,retire,manual,ok,pass,pass,pass,pass,clean,ready,Engineering Owner
1323,wxr,"filesystem,wxr",/wp-content/uploads/2022/04/klarnastripe.jpg,,,retire,manual,ok,pass,pass,pass,pass,clean,ready,Engineering Owner
13242,wxr,"filesystem,wxr",/image-ine-sfcc-dis-for-developers/,migration/output/content/posts/image-ine-sfcc-dis-for-developers.md,/image-ine-sfcc-dis-for-developers/,keep,markdown,ok,pass,pass,pass,pass,corrected,review-required,Engineering Owner
1327,wxr,"filesystem,wxr",/wp-content/uploads/2022/04/control-center-ods-scheduler.png,,,retire,manual,ok,pass,pass,pass,pass,clean,ready,Engineering Owner
13288,wxr,"filesystem,wxr",/wp-content/uploads/2025/07/dis-traffic-jam-scaled.jpeg,,,retire,manual,ok,pass,pass,pass,pass,clean,ready,Engineering Owner
133,wxr,"filesystem,wxr",/pdf-and-salesforce-commerce-cloud-b2c/,migration/output/content/posts/pdf-and-salesforce-commerce-cloud-b2c.md,/pdf-and-salesforce-commerce-cloud-b2c/,keep,markdown,ok,pass,pass,pass,pass,clean,ready,Engineering Owner
13311,wxr,"filesystem,wxr",/the-sfcc-guide-to-finding-pod-numbers/,migration/output/content/posts/the-sfcc-guide-to-finding-pod-numbers.md,/the-sfcc-guide-to-finding-pod-numbers/,keep,markdown,ok,warn,pass,pass,pass,clean,review-required,Engineering Owner
13328,wxr,"filesystem,wxr",/field-guide-to-custom-caches-in-sfcc/,migration/output/content/posts/field-guide-to-custom-caches-in-sfcc.md,/field-guide-to-custom-caches-in-sfcc/,keep,markdown,ok,warn,pass,pass,pass,corrected,review-required,Engineering Owner
1346,wxr,"filesystem,wxr",/wp-content/uploads/2022/04/tiktok-for-business.jpeg,,,retire,manual,ok,pass,pass,pass,pass,clean,ready,Engineering Owner
13509,wxr,"filesystem,wxr",/wp-content/uploads/2025/07/sfcc-when-not-to-use-dis-scaled.jpeg,,,retire,manual,ok,pass,pass,pass,pass,clean,ready,Engineering Owner
13525,wxr,"filesystem,wxr",/taming-the-beast-a-developers-deep-dive-into-sfcc-meta-tag-rules/,migration/output/content/posts/taming-the-beast-a-developers-deep-dive-into-sfcc-meta-tag-rules.md,/taming-the-beast-a-developers-deep-dive-into-sfcc-meta-tag-rules/,keep,markdown,ok,warn,pass,pass,pass,corrected,review-required,Engineering Owner
13551,wxr,"filesystem,wxr",/wp-content/uploads/2025/08/syntax-cheat-sheet-rosetta-stone-scaled.jpeg,,,retire,manual,ok,pass,pass,pass,pass,clean,ready,Engineering Owner
13621,wxr,"filesystem,wxr",/kickstart-guide-for-new-sfcc-developers/,migration/output/content/posts/kickstart-guide-for-new-sfcc-developers.md,/kickstart-guide-for-new-sfcc-developers/,keep,markdown,ok,warn,pass,pass,pass,clean,review-required,Engineering Owner
13802,wxr,"filesystem,wxr",/a-dev-guide-to-combating-fraud-on-sfcc/,migration/output/content/posts/a-dev-guide-to-combating-fraud-on-sfcc.md,/a-dev-guide-to-combating-fraud-on-sfcc/,keep,markdown,ok,warn,pass,pass,pass,clean,review-required,Engineering Owner
13887,wxr,"filesystem,wxr",/wp-content/uploads/2025/07/ods-custom-caches-business-manager.png,,,retire,manual,ok,pass,pass,pass,pass,clean,ready,Engineering Owner
1389,wxr,"filesystem,wxr",/sitegenesis-vs-sfra-vs-pwa/,migration/output/content/posts/sitegenesis-vs-sfra-vs-pwa.md,/sitegenesis-vs-sfra-vs-pwa/,keep,markdown,ok,pass,pass,pass,pass,corrected,review-required,Engineering Owner
1391,wxr,"filesystem,wxr",/wp-content/uploads/2022/07/sfra-vs-sitegenesis.jpg,,,retire,manual,ok,pass,pass,pass,pass,clean,ready,Engineering Owner
1395,wxr,"filesystem,wxr",/wp-content/uploads/2022/07/sfcc-history.png,,,retire,manual,ok,pass,pass,pass,pass,clean,ready,Engineering Owner
14004,wxr,"filesystem,wxr",/a-survival-guide-to-sfcc-platform-limits/,migration/output/content/posts/a-survival-guide-to-sfcc-platform-limits.md,/a-survival-guide-to-sfcc-platform-limits/,keep,markdown,ok,warn,pass,pass,pass,clean,review-required,Engineering Owner
1405,wxr,"filesystem,wxr",/wp-content/uploads/2022/07/pipelines.png,,,retire,manual,ok,pass,pass,pass,pass,clean,ready,Engineering Owner
14050,wxr,"filesystem,wxr",/real-time-inventory-checks-in-sfcc/,migration/output/content/posts/real-time-inventory-checks-in-sfcc.md,/real-time-inventory-checks-in-sfcc/,keep,markdown,ok,warn,pass,pass,pass,clean,review-required,Engineering Owner
1409,wxr,"filesystem,wxr",/wp-content/uploads/2022/07/controllers.png,,,retire,manual,ok,pass,pass,pass,pass,clean,ready,Engineering Owner
14103,wxr,"filesystem,wxr",/wp-content/uploads/2025/08/page-meta-tag-rules-sfcc-preview-scaled.png,,,retire,manual,ok,pass,pass,pass,pass,clean,ready,Engineering Owner
14142,wxr,"filesystem,wxr",/your-definitive-mobile-app-checklist/,migration/output/content/posts/your-definitive-mobile-app-checklist.md,/your-definitive-mobile-app-checklist/,keep,markdown,ok,warn,pass,pass,pass,clean,review-required,Engineering Owner
14159,wxr,"filesystem,wxr",/the-realm-split-field-guide-to-migrating-an-sfcc-site/,migration/output/content/posts/the-realm-split-field-guide-to-migrating-an-sfcc-site.md,/the-realm-split-field-guide-to-migrating-an-sfcc-site/,keep,markdown,ok,warn,warn,pass,pass,corrected,review-required,Engineering Owner
1419,wxr,"filesystem,wxr",/wp-content/uploads/2022/07/sitegenesis.jpg,,,retire,manual,ok,pass,pass,pass,pass,clean,ready,Engineering Owner
1426,wxr,"filesystem,wxr",/wp-content/uploads/2022/07/pwa-kit.png,,,retire,manual,ok,pass,pass,pass,pass,clean,ready,Engineering Owner
1453,wxr,"filesystem,wxr",/wp-content/uploads/2022/07/comparison-sitegenesis-sfra-pwa.png,,,retire,manual,ok,pass,pass,pass,pass,clean,ready,Engineering Owner
1488,wxr,"filesystem,wxr",/trailblazerdx-2022-for-b2c-commerce/,migration/output/content/posts/trailblazerdx-2022-for-b2c-commerce.md,/trailblazerdx-2022-for-b2c-commerce/,keep,markdown,ok,warn,pass,pass,pass,corrected,review-required,Engineering Owner
1551,wxr,"filesystem,wxr",/secure-coding-in-salesforce-b2c-commerce-cloud/,migration/output/content/posts/secure-coding-in-salesforce-b2c-commerce-cloud.md,/secure-coding-in-salesforce-b2c-commerce-cloud/,keep,markdown,ok,pass,pass,pass,pass,corrected,review-required,Engineering Owner
1588,wxr,"filesystem,wxr",/wp-content/uploads/2022/04/npm-audit.png,,,retire,manual,ok,pass,pass,pass,pass,clean,ready,Engineering Owner
1631,wxr,"filesystem,wxr",/should-i-get-javascript-developer-i-certified/,migration/output/content/posts/should-i-get-javascript-developer-i-certified.md,/should-i-get-javascript-developer-i-certified/,keep,markdown,ok,warn,pass,pass,pass,corrected,review-required,Engineering Owner
1678,wxr,wxr,/community-repositories/,migration/output/content/pages/community-repositories.md,/community-repositories/,keep,markdown,ok,warn,pass,pass,pass,clean,review-required,Engineering Owner
168,wxr,"filesystem,wxr",/the-state-of-ohana-for-salesforce-commerce-cloud/,migration/output/content/posts/the-state-of-ohana-for-salesforce-commerce-cloud.md,/the-state-of-ohana-for-salesforce-commerce-cloud/,keep,markdown,ok,warn,pass,pass,pass,corrected,review-required,Engineering Owner
1789,wxr,"filesystem,wxr",/submit-multipart-form-data-to-a-third-party-service-in-sfcc/,migration/output/content/posts/submit-multipart-form-data-to-a-third-party-service-in-sfcc.md,/submit-multipart-form-data-to-a-third-party-service-in-sfcc/,keep,markdown,ok,warn,pass,pass,pass,corrected,review-required,Engineering Owner
179,wxr,"filesystem,wxr",/wp-content/uploads/2022/02/demandware.jpg,,,retire,manual,ok,pass,pass,pass,pass,clean,ready,Engineering Owner
1845,wxr,"filesystem,wxr",/get-connected-at-salesforce-connections-2022/,migration/output/content/posts/get-connected-at-salesforce-connections-2022.md,/get-connected-at-salesforce-connections-2022/,keep,markdown,ok,warn,pass,pass,pass,corrected,review-required,Engineering Owner
1869,wxr,wxr,/podcasts-for-salesforce-b2c-commerce-cloud/,migration/output/content/posts/podcasts-for-salesforce-b2c-commerce-cloud.md,/podcasts-for-salesforce-b2c-commerce-cloud/,keep,markdown,ok,pass,pass,pass,pass,clean,ready,Engineering Owner
1894,wxr,"filesystem,wxr",/salesforce-b2c-commerce-the-22-6-release/,migration/output/content/posts/salesforce-b2c-commerce-the-22-6-release.md,/salesforce-b2c-commerce-the-22-6-release/,keep,markdown,ok,pass,pass,pass,pass,corrected,review-required,Engineering Owner
1895,wxr,"filesystem,wxr",/wp-content/uploads/2022/05/22.6-release-einstein-dashboards.png,,,retire,manual,ok,pass,pass,pass,pass,clean,ready,Engineering Owner
1906,wxr,"filesystem,wxr",/wp-content/uploads/2022/05/einstein-dashoards-addtocarts-sfcc.png,,,retire,manual,ok,pass,pass,pass,pass,clean,ready,Engineering Owner
1910,wxr,"filesystem,wxr",/wp-content/uploads/2022/05/access-key-management-ocapi.png,,,retire,manual,ok,pass,pass,pass,pass,clean,ready,Engineering Owner
1923,wxr,"filesystem,wxr",/wp-content/uploads/2022/05/troubleshoot-storefront-errors-logcenter.png,,,retire,manual,ok,pass,pass,pass,pass,clean,ready,Engineering Owner
1927,wxr,"filesystem,wxr",/wp-content/uploads/2022/05/eps-logo-austria.png,,,retire,manual,ok,pass,pass,pass,pass,clean,ready,Engineering Owner
1931,wxr,"filesystem,wxr",/what-is-oci-omnichannel-inventory/,migration/output/content/posts/what-is-oci-omnichannel-inventory.md,/what-is-oci-omnichannel-inventory/,keep,markdown,ok,warn,pass,pass,pass,corrected,review-required,Engineering Owner
1932,wxr,"filesystem,wxr",/wp-content/uploads/2022/05/omnichannel-inventory.jpg,,,retire,manual,ok,pass,pass,pass,pass,clean,ready,Engineering Owner
1934,wxr,"filesystem,wxr",/wp-content/uploads/2022/09/oci-included-in-license.png,,,retire,manual,ok,pass,pass,pass,pass,clean,ready,Engineering Owner
1944,wxr,"filesystem,wxr",/wp-content/uploads/2022/09/omnichannel-inventory.png,,,retire,manual,ok,pass,pass,pass,pass,clean,ready,Engineering Owner
1960,wxr,"filesystem,wxr",/wp-content/uploads/2022/09/inventory-grouping.png,,,retire,manual,ok,pass,pass,pass,pass,clean,ready,Engineering Owner
1988,wxr,"filesystem,wxr",/salesforce-commerce-cloud-products/,migration/output/content/posts/salesforce-commerce-cloud-products.md,/salesforce-commerce-cloud-products/,keep,markdown,ok,pass,pass,pass,pass,corrected,review-required,Engineering Owner
2,wxr,wxr,/sample-page/,,,retire,manual,ok,pass,pass,pass,pass,clean,ready,Engineering Owner
2009,wxr,"filesystem,wxr",/wp-content/uploads/2022/09/salesforce-order-management.png,,,retire,manual,ok,pass,pass,pass,pass,clean,ready,Engineering Owner
2082,wxr,wxr,/office-hours-for-salesforce-b2c-commerce-cloud/,migration/output/content/posts/office-hours-for-salesforce-b2c-commerce-cloud.md,/office-hours-for-salesforce-b2c-commerce-cloud/,keep,markdown,ok,warn,pass,pass,pass,clean,review-required,Engineering Owner
2104,wxr,"filesystem,wxr",/the-journey-from-developer-to-architect/,migration/output/content/posts/the-journey-from-developer-to-architect.md,/the-journey-from-developer-to-architect/,keep,markdown,ok,pass,pass,pass,pass,corrected,review-required,Engineering Owner
2183,wxr,"filesystem,wxr",/what-does-the-composable-storefront-mean-for-sfcc-developers/,migration/output/content/posts/what-does-the-composable-storefront-mean-for-sfcc-developers.md,/what-does-the-composable-storefront-mean-for-sfcc-developers/,keep,markdown,ok,warn,pass,pass,pass,corrected,review-required,Engineering Owner
2253,wxr,"filesystem,wxr",/three-things-to-secure-sfcc/,migration/output/content/posts/three-things-to-secure-sfcc.md,/three-things-to-secure-sfcc/,keep,markdown,ok,warn,pass,pass,pass,clean,review-required,Engineering Owner
2265,wxr,"filesystem,wxr",/how-to-use-ocapi-scapi-hooks/,migration/output/content/posts/how-to-use-ocapi-scapi-hooks.md,/how-to-use-ocapi-scapi-hooks/,keep,markdown,ok,warn,pass,pass,pass,corrected,review-required,Engineering Owner
2267,wxr,"filesystem,wxr",/wp-content/uploads/2022/11/26df11a8-62ec-44cd-bf3b-6ff9ab46bee8.jpg,,,retire,manual,ok,pass,pass,pass,pass,clean,ready,Engineering Owner
2321,wxr,"filesystem,wxr",/wp-content/uploads/2022/11/screenshot-2022-06-01-at-20.31.35-e1654104790984.png,,,retire,manual,ok,pass,pass,pass,pass,clean,ready,Engineering Owner
2358,wxr,"filesystem,wxr",/salesforce-b2c-commerce-cloud-the-22-7-release/,migration/output/content/posts/salesforce-b2c-commerce-cloud-the-22-7-release.md,/salesforce-b2c-commerce-cloud-the-22-7-release/,keep,markdown,ok,pass,pass,pass,pass,corrected,review-required,Engineering Owner
2376,wxr,"filesystem,wxr",/wp-content/uploads/2022/06/social-commerce-salesforce-scaled.jpg,,,retire,manual,ok,pass,pass,pass,pass,clean,ready,Engineering Owner
2434,wxr,"filesystem,wxr",/events-and-the-golden-hoodie/,migration/output/content/posts/events-and-the-golden-hoodie.md,/events-and-the-golden-hoodie/,keep,markdown,ok,warn,pass,pass,pass,corrected,review-required,Engineering Owner
2517,wxr,wxr,/lets-go-live-seo/,migration/output/content/posts/lets-go-live-seo.md,/lets-go-live-seo/,keep,markdown,ok,warn,pass,pass,pass,clean,review-required,Engineering Owner
2536,wxr,"filesystem,wxr",/how-to-setup-oauth-jwt-for-the-ocapi/,migration/output/content/posts/how-to-setup-oauth-jwt-for-the-ocapi.md,/how-to-setup-oauth-jwt-for-the-ocapi/,keep,markdown,ok,pass,pass,pass,pass,corrected,review-required,Engineering Owner
2616,wxr,wxr,/community-salesforce-events-and-commerce-cloud/,migration/output/content/posts/community-salesforce-events-and-commerce-cloud.md,/community-salesforce-events-and-commerce-cloud/,keep,markdown,ok,pass,pass,pass,pass,clean,ready,Engineering Owner
2688,wxr,"filesystem,wxr",/non-technical-sfcc-certifications/,migration/output/content/posts/non-technical-sfcc-certifications.md,/non-technical-sfcc-certifications/,keep,markdown,ok,warn,pass,pass,pass,corrected,review-required,Engineering Owner
269,wxr,"filesystem,wxr",/wp-content/uploads/2022/02/logo-wp-inquisitor.svg,,,retire,manual,ok,pass,pass,pass,pass,clean,ready,Engineering Owner
2718,wxr,"filesystem,wxr",/wp-content/uploads/2022/11/sales.jpg,,,retire,manual,ok,pass,pass,pass,pass,clean,ready,Engineering Owner
2770,wxr,"filesystem,wxr",/creating-custom-ocapi-endpoints/,migration/output/content/posts/creating-custom-ocapi-endpoints.md,/creating-custom-ocapi-endpoints/,keep,markdown,ok,pass,pass,pass,pass,corrected,review-required,Engineering Owner
2795,wxr,"filesystem,wxr",/wp-content/uploads/2022/07/custom-api-custom-object.png,,,retire,manual,ok,pass,pass,pass,pass,clean,ready,Engineering Owner
2808,wxr,"filesystem,wxr",/wp-content/uploads/2022/07/manage-get-customer-object.png,,,retire,manual,ok,pass,pass,pass,pass,clean,ready,Engineering Owner
2827,wxr,"filesystem,wxr",/wp-content/uploads/2022/07/ocapi-settings.png,,,retire,manual,ok,pass,pass,pass,pass,clean,ready,Engineering Owner
2858,wxr,"filesystem,wxr",/wp-content/uploads/2022/07/get-customer-custom-api-response.png,,,retire,manual,ok,pass,pass,pass,pass,clean,ready,Engineering Owner
2862,wxr,"filesystem,wxr",/wp-content/uploads/2022/07/postman-variables-custom-api.png,,,retire,manual,ok,pass,pass,pass,pass,clean,ready,Engineering Owner
2898,wxr,"filesystem,wxr",/submitting-a-file-to-a-third-party-service-in-sfcc/,migration/output/content/posts/submitting-a-file-to-a-third-party-service-in-sfcc.md,/submitting-a-file-to-a-third-party-service-in-sfcc/,keep,markdown,ok,pass,pass,pass,pass,corrected,review-required,Engineering Owner
2942,wxr,"filesystem,wxr",/salesforce-b2c-commerce-cloud-22-8/,migration/output/content/posts/salesforce-b2c-commerce-cloud-22-8.md,/salesforce-b2c-commerce-cloud-22-8/,keep,markdown,ok,pass,pass,pass,pass,corrected,review-required,Engineering Owner
2978,wxr,"filesystem,wxr",/how-to-get-salesforce-certification-vouchers/,migration/output/content/posts/how-to-get-salesforce-certification-vouchers.md,/how-to-get-salesforce-certification-vouchers/,keep,markdown,ok,pass,pass,pass,pass,corrected,review-required,Engineering Owner
2993,wxr,"filesystem,wxr",/wp-content/uploads/2023/01/accreditations-vs-certifications.png,,,retire,manual,ok,pass,pass,pass,pass,clean,ready,Engineering Owner
2997,wxr,"filesystem,wxr",/wp-content/uploads/2023/01/partner-benefits.png,,,retire,manual,ok,pass,pass,pass,pass,clean,ready,Engineering Owner
3,wxr,wxr,/privacy-policy/,migration/output/content/pages/privacy-policy.md,/privacy-policy/,keep,markdown,ok,warn,pass,pass,pass,clean,review-required,Engineering Owner
3042,wxr,"filesystem,wxr",/custom-ttf-fonts-in-pdf-for-sfcc/,migration/output/content/posts/custom-ttf-fonts-in-pdf-for-sfcc.md,/custom-ttf-fonts-in-pdf-for-sfcc/,keep,markdown,ok,pass,pass,pass,pass,corrected,review-required,Engineering Owner
3089,wxr,"filesystem,wxr",/delta-exports-in-salesforce-b2c-commerce-cloud/,migration/output/content/posts/delta-exports-in-salesforce-b2c-commerce-cloud.md,/delta-exports-in-salesforce-b2c-commerce-cloud/,keep,markdown,ok,pass,pass,pass,pass,corrected,review-required,Engineering Owner
3228,wxr,"filesystem,wxr",/wp-content/uploads/2022/07/1da84b9d-7a51-4f6f-bcb0-b0217c4e5cb7-scaled.jpeg,,,retire,manual,ok,pass,pass,pass,pass,clean,ready,Engineering Owner
3332,wxr,"filesystem,wxr",/wp-content/uploads/2022/07/ecdn-interface-update.png,,,retire,manual,ok,pass,pass,pass,pass,clean,ready,Engineering Owner
3333,wxr,"filesystem,wxr",/wp-content/uploads/2022/07/site-specific-quota-limit-information.png,,,retire,manual,ok,pass,pass,pass,pass,clean,ready,Engineering Owner
3433,wxr,"filesystem,wxr",/caching-rest-apis-in-sfcc/,migration/output/content/posts/caching-rest-apis-in-sfcc.md,/caching-rest-apis-in-sfcc/,keep,markdown,ok,warn,pass,pass,pass,clean,review-required,Engineering Owner
3466,wxr,"filesystem,wxr",/wp-content/uploads/2023/01/ocapi-settings-with-cache.png,,,retire,manual,ok,pass,pass,pass,pass,clean,ready,Engineering Owner
352,wxr,wxr,/archive/,migration/output/content/pages/archive.md,/archive/,keep,markdown,ok,warn,pass,pass,pass,clean,review-required,Engineering Owner
3641,wxr,"filesystem,wxr",/what-is-the-ocapi-session-bridge/,migration/output/content/posts/what-is-the-ocapi-session-bridge.md,/what-is-the-ocapi-session-bridge/,keep,markdown,ok,pass,pass,pass,pass,corrected,review-required,Engineering Owner
365,wxr,wxr,/ideas/,migration/output/content/pages/ideas.md,/ideas/,keep,markdown,ok,pass,pass,pass,pass,clean,ready,Engineering Owner
3677,wxr,"filesystem,wxr",/wp-content/uploads/2023/02/bearer-token-authorization-header.png,,,retire,manual,ok,pass,pass,pass,pass,clean,ready,Engineering Owner
3712,wxr,"filesystem,wxr",/salesforce-b2c-commerce-cloud-customer-erd/,migration/output/content/posts/salesforce-b2c-commerce-cloud-customer-erd.md,/salesforce-b2c-commerce-cloud-customer-erd/,keep,markdown,ok,warn,pass,pass,pass,corrected,review-required,Engineering Owner
3713,wxr,"filesystem,wxr",/wp-content/uploads/2022/07/ruth-architect.png,,,retire,manual,ok,pass,pass,pass,pass,clean,ready,Engineering Owner
376,wxr,"filesystem,wxr",/ideas/page-designer-add-ability-to-copy-paste-components/,migration/output/content/pages/page-designer-add-ability-to-copy-paste-components.md,/ideas/page-designer-add-ability-to-copy-paste-components/,keep,markdown,ok,pass,pass,pass,pass,corrected,review-required,Engineering Owner
3766,wxr,"filesystem,wxr",/salesforce-b2c-commerce-cloud-catalog-erd/,migration/output/content/posts/salesforce-b2c-commerce-cloud-catalog-erd.md,/salesforce-b2c-commerce-cloud-catalog-erd/,keep,markdown,ok,warn,pass,pass,pass,corrected,review-required,Engineering Owner
3806,wxr,"filesystem,wxr",/salesforce-b2c-commerce-cloud-content-erd/,migration/output/content/posts/salesforce-b2c-commerce-cloud-content-erd.md,/salesforce-b2c-commerce-cloud-content-erd/,keep,markdown,ok,warn,pass,pass,pass,corrected,review-required,Engineering Owner
3817,wxr,"filesystem,wxr",/b2c-commerce-cloud-campaign-erd/,migration/output/content/posts/b2c-commerce-cloud-campaign-erd.md,/b2c-commerce-cloud-campaign-erd/,keep,markdown,ok,warn,pass,pass,pass,corrected,review-required,Engineering Owner
3837,wxr,"filesystem,wxr",/sfcc-basket-order-erd/,migration/output/content/posts/sfcc-basket-order-erd.md,/sfcc-basket-order-erd/,keep,markdown,ok,warn,pass,pass,pass,corrected,review-required,Engineering Owner
3895,wxr,"filesystem,wxr",/lets-go-live-customer-migration/,migration/output/content/posts/lets-go-live-customer-migration.md,/lets-go-live-customer-migration/,keep,markdown,ok,pass,pass,pass,pass,corrected,review-required,Engineering Owner
407,wxr,"filesystem,wxr",/ideas/page-designer-dynamic-pages-optional-subcategories/,migration/output/content/pages/page-designer-dynamic-pages-optional-subcategories.md,/ideas/page-designer-dynamic-pages-optional-subcategories/,keep,markdown,ok,pass,pass,pass,pass,corrected,review-required,Engineering Owner
4099,wxr,"filesystem,wxr",/ai-einstein-in-salesforce-b2c-commerce-cloud/,migration/output/content/posts/ai-einstein-in-salesforce-b2c-commerce-cloud.md,/ai-einstein-in-salesforce-b2c-commerce-cloud/,keep,markdown,ok,pass,pass,pass,pass,corrected,review-required,Engineering Owner
4229,wxr,"filesystem,wxr",/salesforce-b2c-commerce-cloud-22-9-release/,migration/output/content/posts/salesforce-b2c-commerce-cloud-22-9-release.md,/salesforce-b2c-commerce-cloud-22-9-release/,keep,markdown,ok,pass,pass,pass,pass,corrected,review-required,Engineering Owner
4274,wxr,"filesystem,wxr",/the-salesforce-b2c-commerce-cloud-environment/,migration/output/content/posts/the-salesforce-b2c-commerce-cloud-environment.md,/the-salesforce-b2c-commerce-cloud-environment/,keep,markdown,ok,pass,pass,pass,pass,corrected,review-required,Engineering Owner
4296,wxr,"filesystem,wxr",/wp-content/uploads/2022/08/session-bridge-mobile-app-v3-scaled.jpeg,,,retire,manual,ok,pass,pass,pass,pass,clean,ready,Engineering Owner
431,wxr,"filesystem,wxr",/mail-attachments-in-b2c-commerce-cloud/,migration/output/content/posts/mail-attachments-in-b2c-commerce-cloud.md,/mail-attachments-in-b2c-commerce-cloud/,keep,markdown,ok,pass,pass,pass,pass,corrected,review-required,Engineering Owner
4411,wxr,"filesystem,wxr",/how-to-extend-active-data-in-salesforce-b2c-commerce-cloud/,migration/output/content/posts/how-to-extend-active-data-in-salesforce-b2c-commerce-cloud.md,/how-to-extend-active-data-in-salesforce-b2c-commerce-cloud/,keep,markdown,ok,pass,pass,pass,pass,corrected,review-required,Engineering Owner
4455,wxr,"filesystem,wxr",/20-years-of-dreamforce/,migration/output/content/posts/20-years-of-dreamforce.md,/20-years-of-dreamforce/,keep,markdown,ok,pass,pass,pass,pass,corrected,review-required,Engineering Owner
4596,wxr,"filesystem,wxr",/the-deprecation-of-the-uuid-token-for-api-clients/,migration/output/content/posts/the-deprecation-of-the-uuid-token-for-api-clients.md,/the-deprecation-of-the-uuid-token-for-api-clients/,keep,markdown,ok,pass,pass,pass,pass,corrected,review-required,Engineering Owner
4600,wxr,"filesystem,wxr",/wp-content/uploads/2022/11/account-manager-api-client-token-format.jpg,,,retire,manual,ok,pass,pass,pass,pass,clean,ready,Engineering Owner
4640,wxr,"filesystem,wxr",/a-look-back-at-origin-shielding/,migration/output/content/posts/a-look-back-at-origin-shielding.md,/a-look-back-at-origin-shielding/,keep,markdown,ok,pass,pass,pass,pass,corrected,review-required,Engineering Owner
4667,wxr,"filesystem,wxr",/a-new-commerce-cloud-community-in-town/,migration/output/content/posts/a-new-commerce-cloud-community-in-town.md,/a-new-commerce-cloud-community-in-town/,keep,markdown,ok,pass,pass,pass,pass,corrected,review-required,Engineering Owner
4795,wxr,wxr,/connecting-the-clouds-wedding-or-funeral/,migration/output/content/pages/connecting-the-clouds-wedding-or-funeral.md,/connecting-the-clouds-wedding-or-funeral/,keep,markdown,ok,warn,pass,pass,pass,clean,review-required,Engineering Owner
4801,wxr,wxr,/me-myself-and-headless-a-composable-commerce-cloud-story/,migration/output/content/pages/me-myself-and-headless-a-composable-commerce-cloud-story.md,/me-myself-and-headless-a-composable-commerce-cloud-story/,keep,markdown,ok,pass,pass,pass,pass,clean,ready,Engineering Owner
4827,wxr,wxr,/the-path-to-being-an-architect/,migration/output/content/pages/the-path-to-being-an-architect.md,/the-path-to-being-an-architect/,keep,markdown,ok,pass,pass,pass,pass,clean,ready,Engineering Owner
4836,wxr,wxr,/headless/,migration/output/content/pages/headless.md,/headless/,keep,markdown,ok,pass,pass,pass,pass,clean,ready,Engineering Owner
4854,wxr,wxr,/life-with-goldie/,migration/output/content/pages/life-with-goldie.md,/life-with-goldie/,keep,markdown,ok,pass,pass,pass,pass,clean,ready,Engineering Owner
4863,wxr,wxr,/inside-the-ohana/,migration/output/content/pages/inside-the-ohana.md,/inside-the-ohana/,keep,markdown,ok,pass,pass,pass,pass,clean,ready,Engineering Owner
4950,wxr,"filesystem,wxr",/salesforce-b2c-commerce-cloud-22-10/,migration/output/content/posts/salesforce-b2c-commerce-cloud-22-10.md,/salesforce-b2c-commerce-cloud-22-10/,keep,markdown,ok,warn,pass,pass,pass,corrected,review-required,Engineering Owner
4975,wxr,"filesystem,wxr",/wp-content/uploads/2022/09/ecdn-staging.jpg,,,retire,manual,ok,pass,pass,pass,pass,clean,ready,Engineering Owner
5072,wxr,"filesystem,wxr",/what-is-commerce-on-core/,migration/output/content/posts/what-is-commerce-on-core.md,/what-is-commerce-on-core/,keep,markdown,ok,pass,pass,pass,pass,corrected,review-required,Engineering Owner
5080,wxr,"filesystem,wxr",/wp-content/uploads/2022/10/commerce-on-core.jpg,,,retire,manual,ok,pass,pass,pass,pass,clean,ready,Engineering Owner
5127,wxr,"filesystem,wxr",/wp-content/uploads/2022/10/commerce-on-core-subscriptions.jpg,,,retire,manual,ok,pass,pass,pass,pass,clean,ready,Engineering Owner
528,wxr,"filesystem,wxr",/how-to-get-a-salesforce-b2c-commerce-cloud-sandbox/,migration/output/content/posts/how-to-get-a-salesforce-b2c-commerce-cloud-sandbox.md,/how-to-get-a-salesforce-b2c-commerce-cloud-sandbox/,keep,markdown,ok,pass,pass,pass,pass,corrected,review-required,Engineering Owner
5302,wxr,"filesystem,wxr",/salesforce-b2c-commerce-cloud-october-updates/,migration/output/content/posts/salesforce-b2c-commerce-cloud-october-updates.md,/salesforce-b2c-commerce-cloud-october-updates/,keep,markdown,ok,pass,pass,pass,pass,corrected,review-required,Engineering Owner
5311,wxr,"filesystem,wxr",/wp-content/uploads/2022/10/slas-trusted-agent.png,,,retire,manual,ok,pass,pass,pass,pass,clean,ready,Engineering Owner
5406,wxr,"filesystem,wxr",/salesforce-b2c-commerce-cloud-governance-and-quotas/,migration/output/content/posts/salesforce-b2c-commerce-cloud-governance-and-quotas.md,/salesforce-b2c-commerce-cloud-governance-and-quotas/,keep,markdown,ok,pass,pass,pass,pass,corrected,review-required,Engineering Owner
5435,wxr,"filesystem,wxr",/wp-content/uploads/2022/11/sfcc-quota-alerts.jpg,,,retire,manual,ok,pass,pass,pass,pass,clean,ready,Engineering Owner
5591,wxr,wxr,/offline/,migration/output/content/pages/offline.md,/offline/,keep,markdown,ok,pass,pass,pass,pass,clean,ready,Engineering Owner
5618,wxr,"filesystem,wxr",/how-to-set-up-the-ecdn-in-sfcc-staging/,migration/output/content/posts/how-to-set-up-the-ecdn-in-sfcc-staging.md,/how-to-set-up-the-ecdn-in-sfcc-staging/,keep,markdown,ok,warn,pass,pass,pass,corrected,review-required,Engineering Owner
567,wxr,"filesystem,wxr",/b2c-commerce-whats-new-in-the-22-3-release/,migration/output/content/posts/b2c-commerce-whats-new-in-the-22-3-release.md,/b2c-commerce-whats-new-in-the-22-3-release/,keep,markdown,ok,warn,pass,pass,pass,corrected,review-required,Engineering Owner
5720,wxr,"filesystem,wxr",/wp-content/uploads/2022/10/hooks-return-status-to-short-circuit.jpg,,,retire,manual,ok,pass,pass,pass,pass,clean,ready,Engineering Owner
5732,wxr,"filesystem,wxr",/wp-content/uploads/2022/10/hook-return-behaviour.jpg,,,retire,manual,ok,pass,pass,pass,pass,clean,ready,Engineering Owner
5742,wxr,"filesystem,wxr",/how-to-change-the-code-compatibility-mode-in-salesforce-b2c-commerce-cloud/,migration/output/content/posts/how-to-change-the-code-compatibility-mode-in-salesforce-b2c-commerce-cloud.md,/how-to-change-the-code-compatibility-mode-in-salesforce-b2c-commerce-cloud/,keep,markdown,ok,warn,pass,pass,pass,corrected,review-required,Engineering Owner
5919,wxr,wxr,/salesforce-b2c-commerce-cloud-november-2022-updates/,migration/output/content/posts/salesforce-b2c-commerce-cloud-november-2022-updates.md,/salesforce-b2c-commerce-cloud-november-2022-updates/,keep,markdown,ok,pass,pass,pass,pass,corrected,review-required,Engineering Owner
6042,wxr,"filesystem,wxr",/salesforce-b2c-commerce-cloud-23-1/,migration/output/content/posts/salesforce-b2c-commerce-cloud-23-1.md,/salesforce-b2c-commerce-cloud-23-1/,keep,markdown,ok,pass,pass,pass,pass,corrected,review-required,Engineering Owner
6122,wxr,"filesystem,wxr",/what-is-the-sfcc-managed-runtime/,migration/output/content/posts/what-is-the-sfcc-managed-runtime.md,/what-is-the-sfcc-managed-runtime/,keep,markdown,ok,warn,pass,pass,pass,corrected,review-required,Engineering Owner
617,wxr,"filesystem,wxr",/slas-in-sfra-or-sitegenesis/,migration/output/content/posts/slas-in-sfra-or-sitegenesis.md,/slas-in-sfra-or-sitegenesis/,keep,markdown,ok,warn,pass,pass,pass,clean,review-required,Engineering Owner
6217,wxr,"filesystem,wxr",/what-skills-do-i-need-as-a-sfcc-architect/,migration/output/content/posts/what-skills-do-i-need-as-a-sfcc-architect.md,/what-skills-do-i-need-as-a-sfcc-architect/,keep,markdown,ok,warn,pass,pass,pass,clean,review-required,Engineering Owner
6248,wxr,"filesystem,wxr",/what-can-i-use-chatgpt-for-when-working-with-salesforce/,migration/output/content/posts/what-can-i-use-chatgpt-for-when-working-with-salesforce.md,/what-can-i-use-chatgpt-for-when-working-with-salesforce/,keep,markdown,ok,pass,pass,pass,pass,corrected,review-required,Engineering Owner
6252,wxr,"filesystem,wxr",/wp-content/uploads/2022/12/chatgpt-warnings.jpeg,,,retire,manual,ok,pass,pass,pass,pass,clean,ready,Engineering Owner
6256,wxr,"filesystem,wxr",/wp-content/uploads/2022/12/chatgpt-faq-2022.jpeg,,,retire,manual,ok,pass,pass,pass,pass,clean,ready,Engineering Owner
6268,wxr,"filesystem,wxr",/wp-content/uploads/2022/12/sfra-prepend-controller-chatgpt.jpeg,,,retire,manual,ok,pass,pass,pass,pass,clean,ready,Engineering Owner
6269,wxr,"filesystem,wxr",/wp-content/uploads/2022/12/sfra-prepend-reviews-chatgpt-attempt2.jpeg,,,retire,manual,ok,pass,pass,pass,pass,clean,ready,Engineering Owner
6270,wxr,"filesystem,wxr",/wp-content/uploads/2022/12/salesforce-apex-trigger-chatgpt-download-reviews.jpeg,,,retire,manual,ok,pass,pass,pass,pass,clean,ready,Engineering Owner
6283,wxr,"filesystem,wxr",/wp-content/uploads/2022/12/salesforce-apex-trigger-fixed-chatgpt.jpeg,,,retire,manual,ok,pass,pass,pass,pass,clean,ready,Engineering Owner
6325,wxr,"filesystem,wxr",/simplifying-the-salesforce-order-of-execution/,migration/output/content/posts/simplifying-the-salesforce-order-of-execution.md,/simplifying-the-salesforce-order-of-execution/,keep,markdown,ok,warn,pass,pass,pass,corrected,review-required,Engineering Owner
6429,wxr,"filesystem,wxr",/how-to-set-up-slas-for-the-composable-storefront/,migration/output/content/posts/how-to-set-up-slas-for-the-composable-storefront.md,/how-to-set-up-slas-for-the-composable-storefront/,keep,markdown,ok,pass,pass,pass,pass,corrected,review-required,Engineering Owner
6470,wxr,"filesystem,wxr",/wp-content/uploads/2023/01/order-of-execution-simplified-apex-api-v56.0.png,,,retire,manual,ok,pass,pass,pass,pass,clean,ready,Engineering Owner
6559,wxr,"filesystem,wxr",/fetching-data-in-a-locale-with-sfcc/,migration/output/content/posts/fetching-data-in-a-locale-with-sfcc.md,/fetching-data-in-a-locale-with-sfcc/,keep,markdown,ok,warn,pass,pass,pass,clean,review-required,Engineering Owner
656,wxr,"filesystem,wxr",/helpful-salesforce-b2c-commerce-cloud-cartridges/,migration/output/content/posts/helpful-salesforce-b2c-commerce-cloud-cartridges.md,/helpful-salesforce-b2c-commerce-cloud-cartridges/,keep,markdown,ok,pass,pass,pass,pass,corrected,review-required,Engineering Owner
6585,wxr,"filesystem,wxr",/how-to-load-client-side-javascript-and-css-in-sfra/,migration/output/content/posts/how-to-load-client-side-javascript-and-css-in-sfra.md,/how-to-load-client-side-javascript-and-css-in-sfra/,keep,markdown,ok,pass,pass,pass,pass,clean,ready,Engineering Owner
664,wxr,"filesystem,wxr",/b2c-commerce-whats-new-in-22-4/,migration/output/content/posts/b2c-commerce-whats-new-in-22-4.md,/b2c-commerce-whats-new-in-22-4/,keep,markdown,ok,warn,pass,pass,pass,corrected,review-required,Engineering Owner
6686,wxr,"filesystem,wxr",/the-move-from-sitegenesis-and-sfra-to-the-composable-storefront-as-a-developer/,migration/output/content/posts/the-move-from-sitegenesis-and-sfra-to-the-composable-storefront-as-a-developer.md,/the-move-from-sitegenesis-and-sfra-to-the-composable-storefront-as-a-developer/,keep,markdown,ok,warn,pass,pass,pass,corrected,review-required,Engineering Owner
6708,wxr,"filesystem,wxr",/where-to-start-when-you-are-new-to-salesforce-b2c-commerce-cloud-development/,migration/output/content/posts/where-to-start-when-you-are-new-to-salesforce-b2c-commerce-cloud-development.md,/where-to-start-when-you-are-new-to-salesforce-b2c-commerce-cloud-development/,keep,markdown,ok,warn,pass,pass,pass,corrected,review-required,Engineering Owner
6792,wxr,"filesystem,wxr",/salesforce-b2c-commerce-cloud-23-2/,migration/output/content/posts/salesforce-b2c-commerce-cloud-23-2.md,/salesforce-b2c-commerce-cloud-23-2/,keep,markdown,ok,pass,pass,pass,pass,corrected,review-required,Engineering Owner
68,wxr,"filesystem,wxr",/about/,migration/output/content/pages/about.md,/about/,keep,markdown,ok,pass,pass,pass,pass,corrected,review-required,Engineering Owner
6988,wxr,"filesystem,wxr",/wp-content/uploads/2023/01/salesforce-credentials-vouchers-personv2.jpeg,,,retire,manual,ok,pass,pass,pass,pass,clean,ready,Engineering Owner
6992,wxr,"filesystem,wxr",/life-is-about-choices/,migration/output/content/posts/life-is-about-choices.md,/life-is-about-choices/,keep,markdown,ok,pass,pass,pass,pass,corrected,review-required,Engineering Owner
705,wxr,"filesystem,wxr",/helpful-salesforce-b2c-commerce-cloud-cli-tools/,migration/output/content/posts/helpful-salesforce-b2c-commerce-cloud-cli-tools.md,/helpful-salesforce-b2c-commerce-cloud-cli-tools/,keep,markdown,ok,pass,pass,pass,pass,corrected,review-required,Engineering Owner
7123,wxr,"filesystem,wxr",/wp-content/uploads/2023/02/salesforce-b2c-commerce-cloud-diagram-customer-erd.png,,,retire,manual,ok,pass,pass,pass,pass,clean,ready,Engineering Owner
7149,wxr,"filesystem,wxr",/wp-content/uploads/2023/02/salesforce-b2c-commerce-cloud-diagram-product-catalog-erd-1.png,,,retire,manual,ok,pass,pass,pass,pass,clean,ready,Engineering Owner
7230,wxr,"filesystem,wxr",/salesforce-b2c-commerce-cloud-23-3-release/,migration/output/content/posts/salesforce-b2c-commerce-cloud-23-3-release.md,/salesforce-b2c-commerce-cloud-23-3-release/,keep,markdown,ok,pass,warn,pass,pass,corrected,review-required,Engineering Owner
73,wxr,"filesystem,wxr",/,migration/output/content/pages/home.md,/,keep,markdown,ok,pass,pass,pass,pass,corrected,review-required,Engineering Owner
7339,wxr,"filesystem,wxr",/wp-content/uploads/2023/02/salesforce-b2c-commerce-cloud-diagram-content-erd-1.png,,,retire,manual,ok,pass,pass,pass,pass,clean,ready,Engineering Owner
7343,wxr,"filesystem,wxr",/wp-content/uploads/2023/02/salesforce-b2c-commerce-cloud-diagram-campaign-erd.png,,,retire,manual,ok,pass,pass,pass,pass,clean,ready,Engineering Owner
7399,wxr,"filesystem,wxr",/ai-automation-to-augmentation-at-work/,migration/output/content/posts/ai-automation-to-augmentation-at-work.md,/ai-automation-to-augmentation-at-work/,keep,markdown,ok,pass,pass,pass,pass,corrected,review-required,Engineering Owner
7409,wxr,"filesystem,wxr",/wp-content/uploads/2023/03/sfcc-content-assets-with-ai.jpg,,,retire,manual,ok,pass,pass,pass,pass,clean,ready,Engineering Owner
7485,wxr,"filesystem,wxr",/salesforce-b2c-commerce-cloud-erd/,migration/output/content/pages/salesforce-b2c-commerce-cloud-erd.md,/salesforce-b2c-commerce-cloud-erd/,keep,markdown,ok,warn,pass,pass,pass,corrected,review-required,Engineering Owner
7547,wxr,"filesystem,wxr",/wp-content/uploads/2023/02/campaign-store-groups-sfcc.png,,,retire,manual,ok,pass,pass,pass,pass,clean,ready,Engineering Owner
7569,wxr,"filesystem,wxr",/salesforce-payments-experience-explained/,migration/output/content/posts/salesforce-payments-experience-explained.md,/salesforce-payments-experience-explained/,keep,markdown,ok,warn,pass,pass,pass,corrected,review-required,Engineering Owner
7711,wxr,"filesystem,wxr",/wp-content/uploads/2023/03/salesforce-b2c-commerce-cloud-diagram-basket-order-erdv2.png,,,retire,manual,ok,pass,pass,pass,pass,clean,ready,Engineering Owner
7726,wxr,wxr,/cookie-policy-eu/,migration/output/content/pages/cookie-policy-eu.md,/cookie-policy-eu/,keep,markdown,ok,pass,pass,pass,pass,clean,ready,Engineering Owner
7774,wxr,"filesystem,wxr",/a-new-day-for-commerce-recap/,migration/output/content/posts/a-new-day-for-commerce-recap.md,/a-new-day-for-commerce-recap/,keep,markdown,ok,warn,pass,pass,pass,corrected,review-required,Engineering Owner
7832,wxr,"filesystem,wxr",/everything-new-in-sfcc-23-4/,migration/output/content/posts/everything-new-in-sfcc-23-4.md,/everything-new-in-sfcc-23-4/,keep,markdown,ok,pass,pass,pass,pass,corrected,review-required,Engineering Owner
7979,wxr,"filesystem,wxr",/understanding-sfcc-instances/,migration/output/content/posts/understanding-sfcc-instances.md,/understanding-sfcc-instances/,keep,markdown,ok,warn,pass,pass,pass,corrected,review-required,Engineering Owner
7992,wxr,"filesystem,wxr",/wp-content/uploads/2023/04/pod-realm-and-instances-transparent.png,,,retire,manual,ok,pass,pass,pass,pass,clean,ready,Engineering Owner
805,wxr,"filesystem,wxr",/salesforce-b2c-commerce-cloud-documentation/,migration/output/content/posts/salesforce-b2c-commerce-cloud-documentation.md,/salesforce-b2c-commerce-cloud-documentation/,keep,markdown,ok,warn,pass,pass,pass,corrected,review-required,Engineering Owner
8064,wxr,"filesystem,wxr",/sfcc-url-cracking-the-code/,migration/output/content/posts/sfcc-url-cracking-the-code.md,/sfcc-url-cracking-the-code/,keep,markdown,ok,pass,pass,pass,pass,clean,ready,Engineering Owner
8116,wxr,"filesystem,wxr",/the-request-body-in-an-sfcc-controller/,migration/output/content/posts/the-request-body-in-an-sfcc-controller.md,/the-request-body-in-an-sfcc-controller/,keep,markdown,ok,warn,pass,pass,pass,corrected,review-required,Engineering Owner
8232,wxr,"filesystem,wxr",/a-look-at-the-sfcc-23-5-release/,migration/output/content/posts/a-look-at-the-sfcc-23-5-release.md,/a-look-at-the-sfcc-23-5-release/,keep,markdown,ok,warn,pass,pass,pass,corrected,review-required,Engineering Owner
8300,wxr,"filesystem,wxr",/wp-content/uploads/2023/04/ocapi-expand-parameter-caching.jpg,,,retire,manual,ok,pass,pass,pass,pass,clean,ready,Engineering Owner
8311,wxr,"filesystem,wxr",/the-createorders-api-in-sfcc/,migration/output/content/posts/the-createorders-api-in-sfcc.md,/the-createorders-api-in-sfcc/,keep,markdown,ok,warn,pass,pass,pass,corrected,review-required,Engineering Owner
8389,wxr,"filesystem,wxr",/custom-preferences-in-sfcc/,migration/output/content/posts/custom-preferences-in-sfcc.md,/custom-preferences-in-sfcc/,keep,markdown,ok,warn,pass,pass,pass,clean,review-required,Engineering Owner
8424,wxr,"filesystem,wxr",/an-overview-of-sfcc-global-functions/,migration/output/content/posts/an-overview-of-sfcc-global-functions.md,/an-overview-of-sfcc-global-functions/,keep,markdown,ok,warn,pass,pass,pass,corrected,review-required,Engineering Owner
8465,wxr,"filesystem,wxr",/the-b2c-commerce-architect-certification/,migration/output/content/posts/the-b2c-commerce-architect-certification.md,/the-b2c-commerce-architect-certification/,keep,markdown,ok,warn,pass,pass,pass,clean,review-required,Engineering Owner
8698,wxr,"filesystem,wxr",/a-beginners-guide-to-webdav-in-sfcc/,migration/output/content/posts/a-beginners-guide-to-webdav-in-sfcc.md,/a-beginners-guide-to-webdav-in-sfcc/,keep,markdown,ok,warn,pass,pass,pass,corrected,review-required,Engineering Owner
8780,wxr,"filesystem,wxr",/wp-content/uploads/2023/05/ocapi-and-scapi-performance-reports.jpg,,,retire,manual,ok,pass,pass,pass,pass,clean,ready,Engineering Owner
8799,wxr,"filesystem,wxr",/wp-content/uploads/2023/05/salesforce-commerce-cloud-managed-runtime.jpg,,,retire,manual,ok,pass,pass,pass,pass,clean,ready,Engineering Owner
8833,wxr,"filesystem,wxr",/wp-content/uploads/2023/05/managed-runtime-projects-environments.png,,,retire,manual,ok,pass,pass,pass,pass,clean,ready,Engineering Owner
8844,wxr,"filesystem,wxr",/wp-content/uploads/2023/05/b2c-commerce-cloud-roll-your-own.jpg,,,retire,manual,ok,pass,pass,pass,pass,clean,ready,Engineering Owner
8853,wxr,"filesystem,wxr",/guide-to-the-getprops-method-in-sfcc/,migration/output/content/posts/guide-to-the-getprops-method-in-sfcc.md,/guide-to-the-getprops-method-in-sfcc/,keep,markdown,ok,warn,pass,pass,pass,clean,review-required,Engineering Owner
896,wxr,"filesystem,wxr",/commerce-cloud-t-shirts-on-shirtforce/,migration/output/content/posts/commerce-cloud-t-shirts-on-shirtforce.md,/commerce-cloud-t-shirts-on-shirtforce/,keep,markdown,ok,pass,pass,pass,pass,clean,ready,Engineering Owner
9027,wxr,"filesystem,wxr",/navigating-dates-calendars-in-sfcc/,migration/output/content/posts/navigating-dates-calendars-in-sfcc.md,/navigating-dates-calendars-in-sfcc/,keep,markdown,ok,warn,pass,pass,pass,corrected,review-required,Engineering Owner
9054,wxr,wxr,/a-look-at-the-salesforce-b2c-commerce-cloud-23-6-release/,migration/output/content/posts/a-look-at-the-salesforce-b2c-commerce-cloud-23-6-release.md,/a-look-at-the-salesforce-b2c-commerce-cloud-23-6-release/,keep,markdown,ok,pass,pass,pass,pass,corrected,review-required,Engineering Owner
9199,wxr,"filesystem,wxr",/wp-content/uploads/2023/06/composable-storefront-architecture-scaled.jpg,,,retire,manual,ok,pass,pass,pass,pass,clean,ready,Engineering Owner
9316,wxr,"filesystem,wxr",/a-deep-dive-into-the-23-7-sfcc-release/,migration/output/content/posts/a-deep-dive-into-the-23-7-sfcc-release.md,/a-deep-dive-into-the-23-7-sfcc-release/,keep,markdown,ok,warn,pass,pass,pass,corrected,review-required,Engineering Owner
9446,wxr,"filesystem,wxr",/can-a-isslot-element-have-a-dynamic-id/,migration/output/content/pages/can-a-isslot-element-have-a-dynamic-id.md,/can-a-isslot-element-have-a-dynamic-id/,keep,markdown,ok,pass,pass,pass,pass,corrected,review-required,Engineering Owner
9476,wxr,"filesystem,wxr",/where-is-the-new-sfcc-documentation/,migration/output/content/posts/where-is-the-new-sfcc-documentation.md,/where-is-the-new-sfcc-documentation/,keep,markdown,ok,warn,pass,pass,pass,corrected,review-required,Engineering Owner
9537,wxr,"filesystem,wxr",/how-to-use-node-18-with-sfra/,migration/output/content/posts/how-to-use-node-18-with-sfra.md,/how-to-use-node-18-with-sfra/,keep,markdown,ok,warn,pass,pass,pass,corrected,review-required,Engineering Owner
9611,wxr,"filesystem,wxr",/ai-as-an-architect-and-content-creator/,migration/output/content/posts/ai-as-an-architect-and-content-creator.md,/ai-as-an-architect-and-content-creator/,keep,markdown,ok,warn,pass,pass,pass,corrected,review-required,Engineering Owner
9615,wxr,"filesystem,wxr",/wp-content/uploads/2023/07/generating-a-post-image.jpg,,,retire,manual,ok,pass,pass,pass,pass,clean,ready,Engineering Owner
9616,wxr,"filesystem,wxr",/wp-content/uploads/2023/07/generating-a-post-title.jpg,,,retire,manual,ok,pass,pass,pass,pass,clean,ready,Engineering Owner
9632,wxr,"filesystem,wxr",/wp-content/uploads/2023/07/grammarly-and-content.jpg,,,retire,manual,ok,pass,pass,pass,pass,clean,ready,Engineering Owner
9642,wxr,"filesystem,wxr",/wp-content/uploads/2023/07/github-copilot-react.jpg,,,retire,manual,ok,pass,pass,pass,pass,clean,ready,Engineering Owner
9700,wxr,"filesystem,wxr",/what-is-new-in-the-23-8-commerce-cloud-release/,migration/output/content/posts/what-is-new-in-the-23-8-commerce-cloud-release.md,/what-is-new-in-the-23-8-commerce-cloud-release/,keep,markdown,ok,pass,pass,pass,pass,corrected,review-required,Engineering Owner
972,wxr,"filesystem,wxr",/getting-to-know-sfra-as-a-developer/,migration/output/content/posts/getting-to-know-sfra-as-a-developer.md,/getting-to-know-sfra-as-a-developer/,keep,markdown,ok,pass,pass,pass,pass,corrected,review-required,Engineering Owner
9752,wxr,"filesystem,wxr",/how-to-filter-jsdoc-in-storybook-autodocs/,migration/output/content/posts/how-to-filter-jsdoc-in-storybook-autodocs.md,/how-to-filter-jsdoc-in-storybook-autodocs/,keep,markdown,ok,pass,pass,pass,pass,corrected,review-required,Engineering Owner
9935,wxr,"filesystem,wxr",/a-look-at-the-23-9-commerce-cloud-release/,migration/output/content/posts/a-look-at-the-23-9-commerce-cloud-release.md,/a-look-at-the-23-9-commerce-cloud-release/,keep,markdown,ok,warn,pass,pass,pass,corrected,review-required,Engineering Owner
category:1,wxr,wxr,/category/uncategorized/,,/category/uncategorized/,keep,manual,ok,pass,pass,pass,pass,clean,ready,Engineering Owner
category:100,wxr,wxr,/category/react/,,/category/react/,keep,manual,ok,pass,pass,pass,pass,clean,ready,Engineering Owner
category:11,wxr,wxr,/category/community/,,/category/community/,keep,manual,ok,pass,pass,pass,pass,clean,ready,Engineering Owner
category:12,wxr,wxr,/category/salesforce-commerce-cloud/,,/category/salesforce-commerce-cloud/,keep,manual,ok,pass,pass,pass,pass,clean,ready,Engineering Owner
category:13,wxr,wxr,/category/salesforce-commerce-cloud/technical/,,/category/salesforce-commerce-cloud/technical/,keep,manual,ok,pass,pass,pass,pass,clean,ready,Engineering Owner
category:28,wxr,wxr,/category/salesforce-commerce-cloud/release-notes/,,/category/salesforce-commerce-cloud/release-notes/,keep,manual,ok,pass,pass,pass,pass,clean,ready,Engineering Owner
category:40,wxr,wxr,/category/certification/,,/category/certification/,keep,manual,ok,pass,pass,pass,pass,clean,ready,Engineering Owner
category:42,wxr,wxr,/category/corporate/,,/category/corporate/,keep,manual,ok,pass,pass,pass,pass,clean,ready,Engineering Owner
category:45,wxr,wxr,/category/salesforce-commerce-cloud/go-live/,,/category/salesforce-commerce-cloud/go-live/,keep,manual,ok,pass,pass,pass,pass,clean,ready,Engineering Owner
category:69,wxr,wxr,/category/salesforce-commerce-cloud/architecture/,,/category/salesforce-commerce-cloud/architecture/,keep,manual,ok,pass,pass,pass,pass,clean,ready,Engineering Owner
category:73,wxr,wxr,/category/video/,,/category/video/,keep,manual,ok,pass,pass,pass,pass,clean,ready,Engineering Owner
category:74,wxr,wxr,/category/video/sessions/,,/category/video/sessions/,keep,manual,ok,pass,pass,pass,pass,clean,ready,Engineering Owner
category:75,wxr,wxr,/category/video/podcasts/,,/category/video/podcasts/,keep,manual,ok,pass,pass,pass,pass,clean,ready,Engineering Owner
category:77,wxr,wxr,/category/external/,,/category/external/,keep,manual,ok,pass,pass,pass,pass,clean,ready,Engineering Owner
category:80,wxr,wxr,/category/external/forward/,,/category/external/forward/,keep,manual,ok,pass,pass,pass,pass,clean,ready,Engineering Owner
category:83,wxr,wxr,/category/external/linkedin/,,/category/external/linkedin/,keep,manual,ok,pass,pass,pass,pass,clean,ready,Engineering Owner
category:84,wxr,wxr,/category/salesforce-platform/,,/category/salesforce-platform/,keep,manual,ok,pass,pass,pass,pass,clean,ready,Engineering Owner
category:90,wxr,wxr,/category/salesforce-commerce-cloud/erd/,,/category/salesforce-commerce-cloud/erd/,keep,manual,ok,pass,pass,pass,pass,clean,ready,Engineering Owner
category:91,wxr,wxr,/category/external/salesforce-ben/,,/category/external/salesforce-ben/,keep,manual,ok,pass,pass,pass,pass,clean,ready,Engineering Owner
category:96,wxr,wxr,/category/external/salesforce-architects-blog/,,/category/external/salesforce-architects-blog/,keep,manual,ok,pass,pass,pass,pass,clean,ready,Engineering Owner
category:98,wxr,wxr,/category/salesforce-commerce-cloud/documentation/,,/category/salesforce-commerce-cloud/documentation/,keep,manual,ok,pass,pass,pass,pass,clean,ready,Engineering Owner
category:99,wxr,wxr,/category/salesforce-commerce-cloud/ai/,,/category/salesforce-commerce-cloud/ai/,keep,manual,ok,pass,pass,pass,pass,clean,ready,Engineering Owner
