legacy_url,target_url,route_class,content_file,source_artifact,public_artifact,status,actual_outcome,notes
/,/,page,pages/home.md,,index.html,pass,explicit-frontmatter-route,Keep route is preserved by explicit url front matter on the destination content file.
/20-years-of-dreamforce/,/20-years-of-dreamforce/,post,posts/20-years-of-dreamforce.md,,20-years-of-dreamforce/index.html,pass,explicit-frontmatter-route,Keep route is preserved by explicit url front matter on the destination content file.
/a-beginners-guide-to-webdav-in-sfcc/,/a-beginners-guide-to-webdav-in-sfcc/,post,posts/a-beginners-guide-to-webdav-in-sfcc.md,,a-beginners-guide-to-webdav-in-sfcc/index.html,pass,explicit-frontmatter-route,Keep route is preserved by explicit url front matter on the destination content file.
/a-deep-dive-into-the-23-7-sfcc-release/,/a-deep-dive-into-the-23-7-sfcc-release/,post,posts/a-deep-dive-into-the-23-7-sfcc-release.md,,a-deep-dive-into-the-23-7-sfcc-release/index.html,pass,explicit-frontmatter-route,Keep route is preserved by explicit url front matter on the destination content file.
/a-dev-guide-to-combating-fraud-on-sfcc/,/a-dev-guide-to-combating-fraud-on-sfcc/,post,posts/a-dev-guide-to-combating-fraud-on-sfcc.md,,a-dev-guide-to-combating-fraud-on-sfcc/index.html,pass,explicit-frontmatter-route,Keep route is preserved by explicit url front matter on the destination content file.
/a-look-at-the-23-9-commerce-cloud-release/,/a-look-at-the-23-9-commerce-cloud-release/,post,posts/a-look-at-the-23-9-commerce-cloud-release.md,,a-look-at-the-23-9-commerce-cloud-release/index.html,pass,explicit-frontmatter-route,Keep route is preserved by explicit url front matter on the destination content file.
/a-look-at-the-salesforce-b2c-commerce-cloud-23-6-release/,/a-look-at-the-salesforce-b2c-commerce-cloud-23-6-release/,post,posts/a-look-at-the-salesforce-b2c-commerce-cloud-23-6-release.md,,a-look-at-the-salesforce-b2c-commerce-cloud-23-6-release/index.html,pass,explicit-frontmatter-route,Keep route is preserved by explicit url front matter on the destination content file.
/a-look-at-the-salesforce-b2c-commerce-cloud-24-2-release/,/a-look-at-the-salesforce-b2c-commerce-cloud-24-2-release/,post,posts/a-look-at-the-salesforce-b2c-commerce-cloud-24-2-release.md,,a-look-at-the-salesforce-b2c-commerce-cloud-24-2-release/index.html,pass,explicit-frontmatter-route,Keep route is preserved by explicit url front matter on the destination content file.
/a-look-at-the-sfcc-23-5-release/,/a-look-at-the-sfcc-23-5-release/,post,posts/a-look-at-the-sfcc-23-5-release.md,,a-look-at-the-sfcc-23-5-release/index.html,pass,explicit-frontmatter-route,Keep route is preserved by explicit url front matter on the destination content file.
/a-look-back-at-origin-shielding/,/a-look-back-at-origin-shielding/,post,posts/a-look-back-at-origin-shielding.md,,a-look-back-at-origin-shielding/index.html,pass,explicit-frontmatter-route,Keep route is preserved by explicit url front matter on the destination content file.
/a-new-commerce-cloud-community-in-town/,/a-new-commerce-cloud-community-in-town/,post,posts/a-new-commerce-cloud-community-in-town.md,,a-new-commerce-cloud-community-in-town/index.html,pass,explicit-frontmatter-route,Keep route is preserved by explicit url front matter on the destination content file.
/a-new-day-for-commerce-recap/,/a-new-day-for-commerce-recap/,post,posts/a-new-day-for-commerce-recap.md,,a-new-day-for-commerce-recap/index.html,pass,explicit-frontmatter-route,Keep route is preserved by explicit url front matter on the destination content file.
/a-survival-guide-to-sfcc-platform-limits/,/a-survival-guide-to-sfcc-platform-limits/,post,posts/a-survival-guide-to-sfcc-platform-limits.md,,a-survival-guide-to-sfcc-platform-limits/index.html,pass,explicit-frontmatter-route,Keep route is preserved by explicit url front matter on the destination content file.
/about/,/about/,page,pages/about.md,,about/index.html,pass,explicit-frontmatter-route,Keep route is preserved by explicit url front matter on the destination content file.
/ai-as-an-architect-and-content-creator/,/ai-as-an-architect-and-content-creator/,post,posts/ai-as-an-architect-and-content-creator.md,,ai-as-an-architect-and-content-creator/index.html,pass,explicit-frontmatter-route,Keep route is preserved by explicit url front matter on the destination content file.
/ai-automation-to-augmentation-at-work/,/ai-automation-to-augmentation-at-work/,post,posts/ai-automation-to-augmentation-at-work.md,,ai-automation-to-augmentation-at-work/index.html,pass,explicit-frontmatter-route,Keep route is preserved by explicit url front matter on the destination content file.
/ai-einstein-in-salesforce-b2c-commerce-cloud/,/ai-einstein-in-salesforce-b2c-commerce-cloud/,post,posts/ai-einstein-in-salesforce-b2c-commerce-cloud.md,,ai-einstein-in-salesforce-b2c-commerce-cloud/index.html,pass,explicit-frontmatter-route,Keep route is preserved by explicit url front matter on the destination content file.
/ai-wont-steal-your-sfcc-job-but-a-developer-using-ai-will/,/ai-wont-steal-your-sfcc-job-but-a-developer-using-ai-will/,post,posts/ai-wont-steal-your-sfcc-job-but-a-developer-using-ai-will.md,,ai-wont-steal-your-sfcc-job-but-a-developer-using-ai-will/index.html,pass,explicit-frontmatter-route,Keep route is preserved by explicit url front matter on the destination content file.
/an-overview-of-sfcc-global-functions/,/an-overview-of-sfcc-global-functions/,post,posts/an-overview-of-sfcc-global-functions.md,,an-overview-of-sfcc-global-functions/index.html,pass,explicit-frontmatter-route,Keep route is preserved by explicit url front matter on the destination content file.
/archive/,/archive/,page,pages/archive.md,,archive/index.html,pass,explicit-frontmatter-route,Keep route is preserved by explicit url front matter on the destination content file.
/b2c-commerce-cloud-campaign-erd/,/b2c-commerce-cloud-campaign-erd/,post,posts/b2c-commerce-cloud-campaign-erd.md,,b2c-commerce-cloud-campaign-erd/index.html,pass,explicit-frontmatter-route,Keep route is preserved by explicit url front matter on the destination content file.
/b2c-commerce-whats-new-in-22-4/,/b2c-commerce-whats-new-in-22-4/,post,posts/b2c-commerce-whats-new-in-22-4.md,,b2c-commerce-whats-new-in-22-4/index.html,pass,explicit-frontmatter-route,Keep route is preserved by explicit url front matter on the destination content file.
/b2c-commerce-whats-new-in-the-22-3-release/,/b2c-commerce-whats-new-in-the-22-3-release/,post,posts/b2c-commerce-whats-new-in-the-22-3-release.md,,b2c-commerce-whats-new-in-the-22-3-release/index.html,pass,explicit-frontmatter-route,Keep route is preserved by explicit url front matter on the destination content file.
/caching-in-the-sfcc-composable-storefront/,/caching-in-the-sfcc-composable-storefront/,post,posts/caching-in-the-sfcc-composable-storefront.md,,caching-in-the-sfcc-composable-storefront/index.html,pass,explicit-frontmatter-route,Keep route is preserved by explicit url front matter on the destination content file.
/caching-rest-apis-in-sfcc/,/caching-rest-apis-in-sfcc/,post,posts/caching-rest-apis-in-sfcc.md,,caching-rest-apis-in-sfcc/index.html,pass,explicit-frontmatter-route,Keep route is preserved by explicit url front matter on the destination content file.
/can-a-isslot-element-have-a-dynamic-id/,/can-a-isslot-element-have-a-dynamic-id/,page,pages/can-a-isslot-element-have-a-dynamic-id.md,,can-a-isslot-element-have-a-dynamic-id/index.html,pass,explicit-frontmatter-route,Keep route is preserved by explicit url front matter on the destination content file.
/category/ai/,/category/ai/,category,src/content/categories/ai/_index.md,,category/ai/index.html,pass,taxonomy-generated-route,Owner-approved RHI-065 exception: Hugo taxonomy permalinks preserve this keep route without explicit url front matter.
/category/architecture/,/category/architecture/,category,src/content/categories/architecture/_index.md,,category/architecture/index.html,pass,taxonomy-generated-route,Owner-approved RHI-065 exception: Hugo taxonomy permalinks preserve this keep route without explicit url front matter.
/category/certification/,/category/certification/,category,src/content/categories/certification/_index.md,,category/certification/index.html,pass,taxonomy-generated-route,Owner-approved RHI-065 exception: Hugo taxonomy permalinks preserve this keep route without explicit url front matter.
/category/community/,/category/community/,category,src/content/categories/community/_index.md,,category/community/index.html,pass,taxonomy-generated-route,Owner-approved RHI-065 exception: Hugo taxonomy permalinks preserve this keep route without explicit url front matter.
/category/corporate/,/category/corporate/,category,src/content/categories/corporate/_index.md,,category/corporate/index.html,pass,taxonomy-generated-route,Owner-approved RHI-065 exception: Hugo taxonomy permalinks preserve this keep route without explicit url front matter.
/category/erd/,/category/erd/,category,src/content/categories/erd/_index.md,,category/erd/index.html,pass,taxonomy-generated-route,Owner-approved RHI-065 exception: Hugo taxonomy permalinks preserve this keep route without explicit url front matter.
/category/external/,/category/external/,category,src/content/categories/external/_index.md,,category/external/index.html,pass,taxonomy-generated-route,Owner-approved RHI-065 exception: Hugo taxonomy permalinks preserve this keep route without explicit url front matter.
/category/go-live/,/category/go-live/,category,src/content/categories/go-live/_index.md,,category/go-live/index.html,pass,taxonomy-generated-route,Owner-approved RHI-065 exception: Hugo taxonomy permalinks preserve this keep route without explicit url front matter.
/category/linkedin/,/category/linkedin/,category,src/content/categories/linkedin/_index.md,,category/linkedin/index.html,pass,taxonomy-generated-route,Owner-approved RHI-065 exception: Hugo taxonomy permalinks preserve this keep route without explicit url front matter.
/category/podcasts/,/category/podcasts/,category,src/content/categories/podcasts/_index.md,,category/podcasts/index.html,pass,taxonomy-generated-route,Owner-approved RHI-065 exception: Hugo taxonomy permalinks preserve this keep route without explicit url front matter.
/category/react/,/category/react/,category,src/content/categories/react/_index.md,,category/react/index.html,pass,taxonomy-generated-route,Owner-approved RHI-065 exception: Hugo taxonomy permalinks preserve this keep route without explicit url front matter.
/category/release-notes/,/category/release-notes/,category,src/content/categories/release-notes/_index.md,,category/release-notes/index.html,pass,taxonomy-generated-route,Owner-approved RHI-065 exception: Hugo taxonomy permalinks preserve this keep route without explicit url front matter.
/category/salesforce-architects-blog/,/category/salesforce-architects-blog/,category,src/content/categories/salesforce-architects-blog/_index.md,,category/salesforce-architects-blog/index.html,pass,taxonomy-generated-route,Owner-approved RHI-065 exception: Hugo taxonomy permalinks preserve this keep route without explicit url front matter.
/category/salesforce-ben/,/category/salesforce-ben/,category,src/content/categories/salesforce-ben/_index.md,,category/salesforce-ben/index.html,pass,taxonomy-generated-route,Owner-approved RHI-065 exception: Hugo taxonomy permalinks preserve this keep route without explicit url front matter.
/category/salesforce-commerce-cloud/,/category/salesforce-commerce-cloud/,category,src/content/categories/salesforce-commerce-cloud/_index.md,,category/salesforce-commerce-cloud/index.html,pass,taxonomy-generated-route,Owner-approved RHI-065 exception: Hugo taxonomy permalinks preserve this keep route without explicit url front matter.
/category/salesforce-platform/,/category/salesforce-platform/,category,src/content/categories/salesforce-platform/_index.md,,category/salesforce-platform/index.html,pass,taxonomy-generated-route,Owner-approved RHI-065 exception: Hugo taxonomy permalinks preserve this keep route without explicit url front matter.
/category/sessions/,/category/sessions/,category,src/content/categories/sessions/_index.md,,category/sessions/index.html,pass,taxonomy-generated-route,Owner-approved RHI-065 exception: Hugo taxonomy permalinks preserve this keep route without explicit url front matter.
/category/technical/,/category/technical/,category,src/content/categories/technical/_index.md,,category/technical/index.html,pass,taxonomy-generated-route,Owner-approved RHI-065 exception: Hugo taxonomy permalinks preserve this keep route without explicit url front matter.
/category/uncategorized/,/category/uncategorized/,category,src/content/categories/uncategorized/_index.md,,category/uncategorized/index.html,pass,taxonomy-generated-route,Owner-approved RHI-065 exception: Hugo taxonomy permalinks preserve this keep route without explicit url front matter.
/category/video/,/category/video/,category,src/content/categories/video/_index.md,,category/video/index.html,pass,taxonomy-generated-route,Owner-approved RHI-065 exception: Hugo taxonomy permalinks preserve this keep route without explicit url front matter.
/certifications-for-salesforce-b2c-commerce-cloud/,/certifications-for-salesforce-b2c-commerce-cloud/,post,posts/certifications-for-salesforce-b2c-commerce-cloud.md,,certifications-for-salesforce-b2c-commerce-cloud/index.html,pass,explicit-frontmatter-route,Keep route is preserved by explicit url front matter on the destination content file.
/chasing-clouds-catching-up-with-the-commercecrew-at-dreamforce-2023/,/chasing-clouds-catching-up-with-the-commercecrew-at-dreamforce-2023/,post,posts/chasing-clouds-catching-up-with-the-commercecrew-at-dreamforce-2023.md,,chasing-clouds-catching-up-with-the-commercecrew-at-dreamforce-2023/index.html,pass,explicit-frontmatter-route,Keep route is preserved by explicit url front matter on the destination content file.
/commerce-cloud-t-shirts-on-shirtforce/,/commerce-cloud-t-shirts-on-shirtforce/,post,posts/commerce-cloud-t-shirts-on-shirtforce.md,,commerce-cloud-t-shirts-on-shirtforce/index.html,pass,explicit-frontmatter-route,Keep route is preserved by explicit url front matter on the destination content file.
/community-repositories/,/community-repositories/,page,pages/community-repositories.md,,community-repositories/index.html,pass,explicit-frontmatter-route,Keep route is preserved by explicit url front matter on the destination content file.
/community-salesforce-events-and-commerce-cloud/,/community-salesforce-events-and-commerce-cloud/,post,posts/community-salesforce-events-and-commerce-cloud.md,,community-salesforce-events-and-commerce-cloud/index.html,pass,explicit-frontmatter-route,Keep route is preserved by explicit url front matter on the destination content file.
/connecting-the-clouds-wedding-or-funeral/,/connecting-the-clouds-wedding-or-funeral/,page,pages/connecting-the-clouds-wedding-or-funeral.md,,connecting-the-clouds-wedding-or-funeral/index.html,pass,explicit-frontmatter-route,Keep route is preserved by explicit url front matter on the destination content file.
/cookie-policy-eu/,/cookie-policy-eu/,page,pages/cookie-policy-eu.md,,cookie-policy-eu/index.html,pass,explicit-frontmatter-route,Keep route is preserved by explicit url front matter on the destination content file.
/creating-custom-ocapi-endpoints/,/creating-custom-ocapi-endpoints/,post,posts/creating-custom-ocapi-endpoints.md,,creating-custom-ocapi-endpoints/index.html,pass,explicit-frontmatter-route,Keep route is preserved by explicit url front matter on the destination content file.
/custom-preferences-in-sfcc/,/custom-preferences-in-sfcc/,post,posts/custom-preferences-in-sfcc.md,,custom-preferences-in-sfcc/index.html,pass,explicit-frontmatter-route,Keep route is preserved by explicit url front matter on the destination content file.
/custom-ttf-fonts-in-pdf-for-sfcc/,/custom-ttf-fonts-in-pdf-for-sfcc/,post,posts/custom-ttf-fonts-in-pdf-for-sfcc.md,,custom-ttf-fonts-in-pdf-for-sfcc/index.html,pass,explicit-frontmatter-route,Keep route is preserved by explicit url front matter on the destination content file.
/delta-exports-in-salesforce-b2c-commerce-cloud/,/delta-exports-in-salesforce-b2c-commerce-cloud/,post,posts/delta-exports-in-salesforce-b2c-commerce-cloud.md,,delta-exports-in-salesforce-b2c-commerce-cloud/index.html,pass,explicit-frontmatter-route,Keep route is preserved by explicit url front matter on the destination content file.
/digging-into-the-b2c-commerce-cloud-24-3-release/,/digging-into-the-b2c-commerce-cloud-24-3-release/,post,posts/digging-into-the-b2c-commerce-cloud-24-3-release.md,,digging-into-the-b2c-commerce-cloud-24-3-release/index.html,pass,explicit-frontmatter-route,Keep route is preserved by explicit url front matter on the destination content file.
/events-and-the-golden-hoodie/,/events-and-the-golden-hoodie/,post,posts/events-and-the-golden-hoodie.md,,events-and-the-golden-hoodie/index.html,pass,explicit-frontmatter-route,Keep route is preserved by explicit url front matter on the destination content file.
/everything-new-in-sfcc-23-4/,/everything-new-in-sfcc-23-4/,video,posts/everything-new-in-sfcc-23-4.md,,everything-new-in-sfcc-23-4/index.html,pass,explicit-frontmatter-route,Keep route is preserved by explicit url front matter on the destination content file.
/feed/,/feed/,system,,,feed/index.html,pass,generated-system-route,Keep route is preserved as a generated system helper route in the built output.
/fetching-data-in-a-locale-with-sfcc/,/fetching-data-in-a-locale-with-sfcc/,post,posts/fetching-data-in-a-locale-with-sfcc.md,,fetching-data-in-a-locale-with-sfcc/index.html,pass,explicit-frontmatter-route,Keep route is preserved by explicit url front matter on the destination content file.
/field-guide-to-custom-caches-in-sfcc/,/field-guide-to-custom-caches-in-sfcc/,post,posts/field-guide-to-custom-caches-in-sfcc.md,,field-guide-to-custom-caches-in-sfcc/index.html,pass,explicit-frontmatter-route,Keep route is preserved by explicit url front matter on the destination content file.
/get-connected-at-salesforce-connections-2022/,/get-connected-at-salesforce-connections-2022/,post,posts/get-connected-at-salesforce-connections-2022.md,,get-connected-at-salesforce-connections-2022/index.html,pass,explicit-frontmatter-route,Keep route is preserved by explicit url front matter on the destination content file.
/getting-secured-with-the-24-5-salesforce-b2c-commerce-cloud-release/,/getting-secured-with-the-24-5-salesforce-b2c-commerce-cloud-release/,post,posts/getting-secured-with-the-24-5-salesforce-b2c-commerce-cloud-release.md,,getting-secured-with-the-24-5-salesforce-b2c-commerce-cloud-release/index.html,pass,explicit-frontmatter-route,Keep route is preserved by explicit url front matter on the destination content file.
/getting-to-know-sfra-as-a-developer/,/getting-to-know-sfra-as-a-developer/,post,posts/getting-to-know-sfra-as-a-developer.md,,getting-to-know-sfra-as-a-developer/index.html,pass,explicit-frontmatter-route,Keep route is preserved by explicit url front matter on the destination content file.
/getting-to-know-the-sfcc-24-4-release/,/getting-to-know-the-sfcc-24-4-release/,post,posts/getting-to-know-the-sfcc-24-4-release.md,,getting-to-know-the-sfcc-24-4-release/index.html,pass,explicit-frontmatter-route,Keep route is preserved by explicit url front matter on the destination content file.
/guide-to-the-getprops-method-in-sfcc/,/guide-to-the-getprops-method-in-sfcc/,post,posts/guide-to-the-getprops-method-in-sfcc.md,,guide-to-the-getprops-method-in-sfcc/index.html,pass,explicit-frontmatter-route,Keep route is preserved by explicit url front matter on the destination content file.
/headless/,/headless/,page,pages/headless.md,,headless/index.html,pass,explicit-frontmatter-route,Keep route is preserved by explicit url front matter on the destination content file.
/helpful-salesforce-b2c-commerce-cloud-cartridges/,/helpful-salesforce-b2c-commerce-cloud-cartridges/,post,posts/helpful-salesforce-b2c-commerce-cloud-cartridges.md,,helpful-salesforce-b2c-commerce-cloud-cartridges/index.html,pass,explicit-frontmatter-route,Keep route is preserved by explicit url front matter on the destination content file.
/helpful-salesforce-b2c-commerce-cloud-cli-tools/,/helpful-salesforce-b2c-commerce-cloud-cli-tools/,post,posts/helpful-salesforce-b2c-commerce-cloud-cli-tools.md,,helpful-salesforce-b2c-commerce-cloud-cli-tools/index.html,pass,explicit-frontmatter-route,Keep route is preserved by explicit url front matter on the destination content file.
/how-to-change-the-code-compatibility-mode-in-salesforce-b2c-commerce-cloud/,/how-to-change-the-code-compatibility-mode-in-salesforce-b2c-commerce-cloud/,post,posts/how-to-change-the-code-compatibility-mode-in-salesforce-b2c-commerce-cloud.md,,how-to-change-the-code-compatibility-mode-in-salesforce-b2c-commerce-cloud/index.html,pass,explicit-frontmatter-route,Keep route is preserved by explicit url front matter on the destination content file.
/how-to-extend-active-data-in-salesforce-b2c-commerce-cloud/,/how-to-extend-active-data-in-salesforce-b2c-commerce-cloud/,post,posts/how-to-extend-active-data-in-salesforce-b2c-commerce-cloud.md,,how-to-extend-active-data-in-salesforce-b2c-commerce-cloud/index.html,pass,explicit-frontmatter-route,Keep route is preserved by explicit url front matter on the destination content file.
/how-to-filter-jsdoc-in-storybook-autodocs/,/how-to-filter-jsdoc-in-storybook-autodocs/,post,posts/how-to-filter-jsdoc-in-storybook-autodocs.md,,how-to-filter-jsdoc-in-storybook-autodocs/index.html,pass,explicit-frontmatter-route,Keep route is preserved by explicit url front matter on the destination content file.
/how-to-get-a-salesforce-b2c-commerce-cloud-sandbox/,/how-to-get-a-salesforce-b2c-commerce-cloud-sandbox/,post,posts/how-to-get-a-salesforce-b2c-commerce-cloud-sandbox.md,,how-to-get-a-salesforce-b2c-commerce-cloud-sandbox/index.html,pass,explicit-frontmatter-route,Keep route is preserved by explicit url front matter on the destination content file.
/how-to-get-salesforce-certification-vouchers/,/how-to-get-salesforce-certification-vouchers/,post,posts/how-to-get-salesforce-certification-vouchers.md,,how-to-get-salesforce-certification-vouchers/index.html,pass,explicit-frontmatter-route,Keep route is preserved by explicit url front matter on the destination content file.
/how-to-load-client-side-javascript-and-css-in-sfra/,/how-to-load-client-side-javascript-and-css-in-sfra/,post,posts/how-to-load-client-side-javascript-and-css-in-sfra.md,,how-to-load-client-side-javascript-and-css-in-sfra/index.html,pass,explicit-frontmatter-route,Keep route is preserved by explicit url front matter on the destination content file.
/how-to-set-up-slas-for-the-composable-storefront/,/how-to-set-up-slas-for-the-composable-storefront/,post,posts/how-to-set-up-slas-for-the-composable-storefront.md,,how-to-set-up-slas-for-the-composable-storefront/index.html,pass,explicit-frontmatter-route,Keep route is preserved by explicit url front matter on the destination content file.
/how-to-set-up-the-ecdn-in-sfcc-staging/,/how-to-set-up-the-ecdn-in-sfcc-staging/,post,posts/how-to-set-up-the-ecdn-in-sfcc-staging.md,,how-to-set-up-the-ecdn-in-sfcc-staging/index.html,pass,explicit-frontmatter-route,Keep route is preserved by explicit url front matter on the destination content file.
/how-to-setup-oauth-jwt-for-the-ocapi/,/how-to-setup-oauth-jwt-for-the-ocapi/,post,posts/how-to-setup-oauth-jwt-for-the-ocapi.md,,how-to-setup-oauth-jwt-for-the-ocapi/index.html,pass,explicit-frontmatter-route,Keep route is preserved by explicit url front matter on the destination content file.
/how-to-use-node-18-with-sfra/,/how-to-use-node-18-with-sfra/,post,posts/how-to-use-node-18-with-sfra.md,,how-to-use-node-18-with-sfra/index.html,pass,explicit-frontmatter-route,Keep route is preserved by explicit url front matter on the destination content file.
/how-to-use-ocapi-scapi-hooks/,/how-to-use-ocapi-scapi-hooks/,post,posts/how-to-use-ocapi-scapi-hooks.md,,how-to-use-ocapi-scapi-hooks/index.html,pass,explicit-frontmatter-route,Keep route is preserved by explicit url front matter on the destination content file.
/ideas/,/ideas/,page,pages/ideas.md,,ideas/index.html,pass,explicit-frontmatter-route,Keep route is preserved by explicit url front matter on the destination content file.
/ideas/page-designer-add-ability-to-copy-paste-components/,/ideas/page-designer-add-ability-to-copy-paste-components/,page,pages/page-designer-add-ability-to-copy-paste-components.md,,ideas/page-designer-add-ability-to-copy-paste-components/index.html,pass,explicit-frontmatter-route,Keep route is preserved by explicit url front matter on the destination content file.
/ideas/page-designer-dynamic-pages-optional-subcategories/,/ideas/page-designer-dynamic-pages-optional-subcategories/,page,pages/page-designer-dynamic-pages-optional-subcategories.md,,ideas/page-designer-dynamic-pages-optional-subcategories/index.html,pass,explicit-frontmatter-route,Keep route is preserved by explicit url front matter on the destination content file.
/image-ine-sfcc-dis-for-developers/,/image-ine-sfcc-dis-for-developers/,post,posts/image-ine-sfcc-dis-for-developers.md,,image-ine-sfcc-dis-for-developers/index.html,pass,explicit-frontmatter-route,Keep route is preserved by explicit url front matter on the destination content file.
/in-the-ring-ocapi-versus-scapi/,/in-the-ring-ocapi-versus-scapi/,post,posts/in-the-ring-ocapi-versus-scapi.md,,in-the-ring-ocapi-versus-scapi/index.html,pass,explicit-frontmatter-route,Keep route is preserved by explicit url front matter on the destination content file.
/inside-the-ohana/,/inside-the-ohana/,page,pages/inside-the-ohana.md,,inside-the-ohana/index.html,pass,explicit-frontmatter-route,Keep route is preserved by explicit url front matter on the destination content file.
/is-salesforce-certification-worth-it/,/is-salesforce-certification-worth-it/,post,posts/is-salesforce-certification-worth-it.md,,is-salesforce-certification-worth-it/index.html,pass,explicit-frontmatter-route,Keep route is preserved by explicit url front matter on the destination content file.
/it-sure-has-been-quiet-on-this-blog/,/it-sure-has-been-quiet-on-this-blog/,post,posts/it-sure-has-been-quiet-on-this-blog.md,,it-sure-has-been-quiet-on-this-blog/index.html,pass,explicit-frontmatter-route,Keep route is preserved by explicit url front matter on the destination content file.
/kickstart-guide-for-new-sfcc-developers/,/kickstart-guide-for-new-sfcc-developers/,post,posts/kickstart-guide-for-new-sfcc-developers.md,,kickstart-guide-for-new-sfcc-developers/index.html,pass,explicit-frontmatter-route,Keep route is preserved by explicit url front matter on the destination content file.
/lag-to-riches-a-pwa-kit-developers-guide/,/lag-to-riches-a-pwa-kit-developers-guide/,post,posts/lag-to-riches-a-pwa-kit-developers-guide.md,,lag-to-riches-a-pwa-kit-developers-guide/index.html,pass,explicit-frontmatter-route,Keep route is preserved by explicit url front matter on the destination content file.
/lets-go-live-customer-migration/,/lets-go-live-customer-migration/,post,posts/lets-go-live-customer-migration.md,,lets-go-live-customer-migration/index.html,pass,explicit-frontmatter-route,Keep route is preserved by explicit url front matter on the destination content file.
/lets-go-live-ecdn/,/lets-go-live-ecdn/,post,posts/lets-go-live-ecdn.md,,lets-go-live-ecdn/index.html,pass,explicit-frontmatter-route,Keep route is preserved by explicit url front matter on the destination content file.
/lets-go-live-seo/,/lets-go-live-seo/,post,posts/lets-go-live-seo.md,,lets-go-live-seo/index.html,pass,explicit-frontmatter-route,Keep route is preserved by explicit url front matter on the destination content file.
/leveraging-generic-mappings-in-sfcc/,/leveraging-generic-mappings-in-sfcc/,post,posts/leveraging-generic-mappings-in-sfcc.md,,leveraging-generic-mappings-in-sfcc/index.html,pass,explicit-frontmatter-route,Keep route is preserved by explicit url front matter on the destination content file.
/life-is-about-choices/,/life-is-about-choices/,post,posts/life-is-about-choices.md,,life-is-about-choices/index.html,pass,explicit-frontmatter-route,Keep route is preserved by explicit url front matter on the destination content file.
/life-with-goldie/,/life-with-goldie/,page,pages/life-with-goldie.md,,life-with-goldie/index.html,pass,explicit-frontmatter-route,Keep route is preserved by explicit url front matter on the destination content file.
/local-vs-shared-variation-attributes-sfcc/,/local-vs-shared-variation-attributes-sfcc/,post,posts/local-vs-shared-variation-attributes-sfcc.md,,local-vs-shared-variation-attributes-sfcc/index.html,pass,explicit-frontmatter-route,Keep route is preserved by explicit url front matter on the destination content file.
/mail-attachments-in-b2c-commerce-cloud/,/mail-attachments-in-b2c-commerce-cloud/,post,posts/mail-attachments-in-b2c-commerce-cloud.md,,mail-attachments-in-b2c-commerce-cloud/index.html,pass,explicit-frontmatter-route,Keep route is preserved by explicit url front matter on the destination content file.
/mastering-chunk-oriented-job-steps-in-salesforce-b2c-commerce-cloud/,/mastering-chunk-oriented-job-steps-in-salesforce-b2c-commerce-cloud/,post,posts/mastering-chunk-oriented-job-steps-in-salesforce-b2c-commerce-cloud.md,,mastering-chunk-oriented-job-steps-in-salesforce-b2c-commerce-cloud/index.html,pass,explicit-frontmatter-route,Keep route is preserved by explicit url front matter on the destination content file.
/mastering-sitemaps-in-sfcc/,/mastering-sitemaps-in-sfcc/,post,posts/mastering-sitemaps-in-sfcc.md,,mastering-sitemaps-in-sfcc/index.html,pass,explicit-frontmatter-route,Keep route is preserved by explicit url front matter on the destination content file.
/me-myself-and-headless-a-composable-commerce-cloud-story/,/me-myself-and-headless-a-composable-commerce-cloud-story/,page,pages/me-myself-and-headless-a-composable-commerce-cloud-story.md,,me-myself-and-headless-a-composable-commerce-cloud-story/index.html,pass,explicit-frontmatter-route,Keep route is preserved by explicit url front matter on the destination content file.
/migrate-magento-passwords-using-argon2/,/migrate-magento-passwords-using-argon2/,post,posts/migrate-magento-passwords-using-argon2.md,,migrate-magento-passwords-using-argon2/index.html,pass,explicit-frontmatter-route,Keep route is preserved by explicit url front matter on the destination content file.
/navigating-dates-calendars-in-sfcc/,/navigating-dates-calendars-in-sfcc/,post,posts/navigating-dates-calendars-in-sfcc.md,,navigating-dates-calendars-in-sfcc/index.html,pass,explicit-frontmatter-route,Keep route is preserved by explicit url front matter on the destination content file.
/new-apis-and-features-for-a-headless-sfcc/,/new-apis-and-features-for-a-headless-sfcc/,video,posts/new-apis-and-features-for-a-headless-sfcc.md,,new-apis-and-features-for-a-headless-sfcc/index.html,pass,explicit-frontmatter-route,Keep route is preserved by explicit url front matter on the destination content file.
/non-technical-sfcc-certifications/,/non-technical-sfcc-certifications/,post,posts/non-technical-sfcc-certifications.md,,non-technical-sfcc-certifications/index.html,pass,explicit-frontmatter-route,Keep route is preserved by explicit url front matter on the destination content file.
/office-hours-for-salesforce-b2c-commerce-cloud/,/office-hours-for-salesforce-b2c-commerce-cloud/,post,posts/office-hours-for-salesforce-b2c-commerce-cloud.md,,office-hours-for-salesforce-b2c-commerce-cloud/index.html,pass,explicit-frontmatter-route,Keep route is preserved by explicit url front matter on the destination content file.
/offline/,/offline/,page,pages/offline.md,,offline/index.html,pass,explicit-frontmatter-route,Keep route is preserved by explicit url front matter on the destination content file.
/pdf-and-salesforce-commerce-cloud-b2c/,/pdf-and-salesforce-commerce-cloud-b2c/,post,posts/pdf-and-salesforce-commerce-cloud-b2c.md,,pdf-and-salesforce-commerce-cloud-b2c/index.html,pass,explicit-frontmatter-route,Keep route is preserved by explicit url front matter on the destination content file.
/podcasts-for-salesforce-b2c-commerce-cloud/,/podcasts-for-salesforce-b2c-commerce-cloud/,post,posts/podcasts-for-salesforce-b2c-commerce-cloud.md,,podcasts-for-salesforce-b2c-commerce-cloud/index.html,pass,explicit-frontmatter-route,Keep route is preserved by explicit url front matter on the destination content file.
/preparing-for-the-b2c-commerce-developer-certification/,/preparing-for-the-b2c-commerce-developer-certification/,post,posts/preparing-for-the-b2c-commerce-developer-certification.md,,preparing-for-the-b2c-commerce-developer-certification/index.html,pass,explicit-frontmatter-route,Keep route is preserved by explicit url front matter on the destination content file.
/privacy-policy/,/privacy-policy/,page,pages/privacy-policy.md,,privacy-policy/index.html,pass,explicit-frontmatter-route,Keep route is preserved by explicit url front matter on the destination content file.
/real-time-inventory-checks-in-sfcc/,/real-time-inventory-checks-in-sfcc/,post,posts/real-time-inventory-checks-in-sfcc.md,,real-time-inventory-checks-in-sfcc/index.html,pass,explicit-frontmatter-route,Keep route is preserved by explicit url front matter on the destination content file.
/reflecting-on-2-years-of-blogging/,/reflecting-on-2-years-of-blogging/,post,posts/reflecting-on-2-years-of-blogging.md,,reflecting-on-2-years-of-blogging/index.html,pass,explicit-frontmatter-route,Keep route is preserved by explicit url front matter on the destination content file.
/robots.txt,/robots.txt,system,,,robots.txt,pass,generated-system-file,Keep route is preserved as a generated system file in the built output.
/salesforce-b2c-commerce-cloud-22-10/,/salesforce-b2c-commerce-cloud-22-10/,post,posts/salesforce-b2c-commerce-cloud-22-10.md,,salesforce-b2c-commerce-cloud-22-10/index.html,pass,explicit-frontmatter-route,Keep route is preserved by explicit url front matter on the destination content file.
/salesforce-b2c-commerce-cloud-22-8/,/salesforce-b2c-commerce-cloud-22-8/,post,posts/salesforce-b2c-commerce-cloud-22-8.md,,salesforce-b2c-commerce-cloud-22-8/index.html,pass,explicit-frontmatter-route,Keep route is preserved by explicit url front matter on the destination content file.
/salesforce-b2c-commerce-cloud-22-9-release/,/salesforce-b2c-commerce-cloud-22-9-release/,post,posts/salesforce-b2c-commerce-cloud-22-9-release.md,,salesforce-b2c-commerce-cloud-22-9-release/index.html,pass,explicit-frontmatter-route,Keep route is preserved by explicit url front matter on the destination content file.
/salesforce-b2c-commerce-cloud-23-1/,/salesforce-b2c-commerce-cloud-23-1/,post,posts/salesforce-b2c-commerce-cloud-23-1.md,,salesforce-b2c-commerce-cloud-23-1/index.html,pass,explicit-frontmatter-route,Keep route is preserved by explicit url front matter on the destination content file.
/salesforce-b2c-commerce-cloud-23-10-release-a-comprehensive-overview/,/salesforce-b2c-commerce-cloud-23-10-release-a-comprehensive-overview/,post,posts/salesforce-b2c-commerce-cloud-23-10-release-a-comprehensive-overview.md,,salesforce-b2c-commerce-cloud-23-10-release-a-comprehensive-overview/index.html,pass,explicit-frontmatter-route,Keep route is preserved by explicit url front matter on the destination content file.
/salesforce-b2c-commerce-cloud-23-2/,/salesforce-b2c-commerce-cloud-23-2/,post,posts/salesforce-b2c-commerce-cloud-23-2.md,,salesforce-b2c-commerce-cloud-23-2/index.html,pass,explicit-frontmatter-route,Keep route is preserved by explicit url front matter on the destination content file.
/salesforce-b2c-commerce-cloud-23-3-release/,/salesforce-b2c-commerce-cloud-23-3-release/,post,posts/salesforce-b2c-commerce-cloud-23-3-release.md,,salesforce-b2c-commerce-cloud-23-3-release/index.html,pass,explicit-frontmatter-route,Keep route is preserved by explicit url front matter on the destination content file.
/salesforce-b2c-commerce-cloud-catalog-erd/,/salesforce-b2c-commerce-cloud-catalog-erd/,post,posts/salesforce-b2c-commerce-cloud-catalog-erd.md,,salesforce-b2c-commerce-cloud-catalog-erd/index.html,pass,explicit-frontmatter-route,Keep route is preserved by explicit url front matter on the destination content file.
/salesforce-b2c-commerce-cloud-content-erd/,/salesforce-b2c-commerce-cloud-content-erd/,post,posts/salesforce-b2c-commerce-cloud-content-erd.md,,salesforce-b2c-commerce-cloud-content-erd/index.html,pass,explicit-frontmatter-route,Keep route is preserved by explicit url front matter on the destination content file.
/salesforce-b2c-commerce-cloud-customer-erd/,/salesforce-b2c-commerce-cloud-customer-erd/,post,posts/salesforce-b2c-commerce-cloud-customer-erd.md,,salesforce-b2c-commerce-cloud-customer-erd/index.html,pass,explicit-frontmatter-route,Keep route is preserved by explicit url front matter on the destination content file.
/salesforce-b2c-commerce-cloud-documentation/,/salesforce-b2c-commerce-cloud-documentation/,post,posts/salesforce-b2c-commerce-cloud-documentation.md,,salesforce-b2c-commerce-cloud-documentation/index.html,pass,explicit-frontmatter-route,Keep route is preserved by explicit url front matter on the destination content file.
/salesforce-b2c-commerce-cloud-erd/,/salesforce-b2c-commerce-cloud-erd/,page,pages/salesforce-b2c-commerce-cloud-erd.md,,salesforce-b2c-commerce-cloud-erd/index.html,pass,explicit-frontmatter-route,Keep route is preserved by explicit url front matter on the destination content file.
/salesforce-b2c-commerce-cloud-governance-and-quotas/,/salesforce-b2c-commerce-cloud-governance-and-quotas/,post,posts/salesforce-b2c-commerce-cloud-governance-and-quotas.md,,salesforce-b2c-commerce-cloud-governance-and-quotas/index.html,pass,explicit-frontmatter-route,Keep route is preserved by explicit url front matter on the destination content file.
/salesforce-b2c-commerce-cloud-november-2022-updates/,/salesforce-b2c-commerce-cloud-november-2022-updates/,post,posts/salesforce-b2c-commerce-cloud-november-2022-updates.md,,salesforce-b2c-commerce-cloud-november-2022-updates/index.html,pass,explicit-frontmatter-route,Keep route is preserved by explicit url front matter on the destination content file.
/salesforce-b2c-commerce-cloud-october-updates/,/salesforce-b2c-commerce-cloud-october-updates/,post,posts/salesforce-b2c-commerce-cloud-october-updates.md,,salesforce-b2c-commerce-cloud-october-updates/index.html,pass,explicit-frontmatter-route,Keep route is preserved by explicit url front matter on the destination content file.
/salesforce-b2c-commerce-cloud-the-22-7-release/,/salesforce-b2c-commerce-cloud-the-22-7-release/,post,posts/salesforce-b2c-commerce-cloud-the-22-7-release.md,,salesforce-b2c-commerce-cloud-the-22-7-release/index.html,pass,explicit-frontmatter-route,Keep route is preserved by explicit url front matter on the destination content file.
/salesforce-b2c-commerce-the-22-5-release/,/salesforce-b2c-commerce-the-22-5-release/,post,posts/salesforce-b2c-commerce-the-22-5-release.md,,salesforce-b2c-commerce-the-22-5-release/index.html,pass,explicit-frontmatter-route,Keep route is preserved by explicit url front matter on the destination content file.
/salesforce-b2c-commerce-the-22-6-release/,/salesforce-b2c-commerce-the-22-6-release/,post,posts/salesforce-b2c-commerce-the-22-6-release.md,,salesforce-b2c-commerce-the-22-6-release/index.html,pass,explicit-frontmatter-route,Keep route is preserved by explicit url front matter on the destination content file.
/salesforce-commerce-cloud-products/,/salesforce-commerce-cloud-products/,post,posts/salesforce-commerce-cloud-products.md,,salesforce-commerce-cloud-products/index.html,pass,explicit-frontmatter-route,Keep route is preserved by explicit url front matter on the destination content file.
/salesforce-connections-2024-and-sfcc/,/salesforce-connections-2024-and-sfcc/,post,posts/salesforce-connections-2024-and-sfcc.md,,salesforce-connections-2024-and-sfcc/index.html,pass,explicit-frontmatter-route,Keep route is preserved by explicit url front matter on the destination content file.
/salesforce-payments-experience-explained/,/salesforce-payments-experience-explained/,post,posts/salesforce-payments-experience-explained.md,,salesforce-payments-experience-explained/index.html,pass,explicit-frontmatter-route,Keep route is preserved by explicit url front matter on the destination content file.
/secure-coding-in-salesforce-b2c-commerce-cloud/,/secure-coding-in-salesforce-b2c-commerce-cloud/,post,posts/secure-coding-in-salesforce-b2c-commerce-cloud.md,,secure-coding-in-salesforce-b2c-commerce-cloud/index.html,pass,explicit-frontmatter-route,Keep route is preserved by explicit url front matter on the destination content file.
/sending-emails-from-sfcc/,/sending-emails-from-sfcc/,post,posts/sending-emails-from-sfcc.md,,sending-emails-from-sfcc/index.html,pass,explicit-frontmatter-route,Keep route is preserved by explicit url front matter on the destination content file.
/server-side-performance-in-sfcc/,/server-side-performance-in-sfcc/,post,posts/server-side-performance-in-sfcc.md,,server-side-performance-in-sfcc/index.html,pass,explicit-frontmatter-route,Keep route is preserved by explicit url front matter on the destination content file.
/sfcc-24-1-release-a-new-year-update/,/sfcc-24-1-release-a-new-year-update/,post,posts/sfcc-24-1-release-a-new-year-update.md,,sfcc-24-1-release-a-new-year-update/index.html,pass,explicit-frontmatter-route,Keep route is preserved by explicit url front matter on the destination content file.
/sfcc-basket-order-erd/,/sfcc-basket-order-erd/,post,posts/sfcc-basket-order-erd.md,,sfcc-basket-order-erd/index.html,pass,explicit-frontmatter-route,Keep route is preserved by explicit url front matter on the destination content file.
/sfcc-introduction/,/sfcc-introduction/,video,posts/sfcc-introduction.md,,sfcc-introduction/index.html,pass,explicit-frontmatter-route,Keep route is preserved by explicit url front matter on the destination content file.
/sfcc-url-cracking-the-code/,/sfcc-url-cracking-the-code/,post,posts/sfcc-url-cracking-the-code.md,,sfcc-url-cracking-the-code/index.html,pass,explicit-frontmatter-route,Keep route is preserved by explicit url front matter on the destination content file.
/should-i-get-javascript-developer-i-certified/,/should-i-get-javascript-developer-i-certified/,post,posts/should-i-get-javascript-developer-i-certified.md,,should-i-get-javascript-developer-i-certified/index.html,pass,explicit-frontmatter-route,Keep route is preserved by explicit url front matter on the destination content file.
/should-i-use-sfra-rest-endpoints-in-a-composable-storefront/,/should-i-use-sfra-rest-endpoints-in-a-composable-storefront/,post,posts/should-i-use-sfra-rest-endpoints-in-a-composable-storefront.md,,should-i-use-sfra-rest-endpoints-in-a-composable-storefront/index.html,pass,explicit-frontmatter-route,Keep route is preserved by explicit url front matter on the destination content file.
/simplifying-the-salesforce-order-of-execution/,/simplifying-the-salesforce-order-of-execution/,post,posts/simplifying-the-salesforce-order-of-execution.md,,simplifying-the-salesforce-order-of-execution/index.html,pass,explicit-frontmatter-route,Keep route is preserved by explicit url front matter on the destination content file.
/sitegenesis-vs-sfra-vs-pwa/,/sitegenesis-vs-sfra-vs-pwa/,video,posts/sitegenesis-vs-sfra-vs-pwa.md,,sitegenesis-vs-sfra-vs-pwa/index.html,pass,explicit-frontmatter-route,Keep route is preserved by explicit url front matter on the destination content file.
/sitemap.xml,/sitemap.xml,system,,,sitemap.xml,pass,generated-system-file,Keep route is preserved as a generated system file in the built output.
/slas-in-sfra-or-sitegenesis/,/slas-in-sfra-or-sitegenesis/,post,posts/slas-in-sfra-or-sitegenesis.md,,slas-in-sfra-or-sitegenesis/index.html,pass,explicit-frontmatter-route,Keep route is preserved by explicit url front matter on the destination content file.
/slicing-versus-variation-groups-in-sfcc/,/slicing-versus-variation-groups-in-sfcc/,post,posts/slicing-versus-variation-groups-in-sfcc.md,,slicing-versus-variation-groups-in-sfcc/index.html,pass,explicit-frontmatter-route,Keep route is preserved by explicit url front matter on the destination content file.
/storefront-protection-in-the-pwa-kit/,/storefront-protection-in-the-pwa-kit/,post,posts/storefront-protection-in-the-pwa-kit.md,,storefront-protection-in-the-pwa-kit/index.html,pass,explicit-frontmatter-route,Keep route is preserved by explicit url front matter on the destination content file.
/submit-multipart-form-data-to-a-third-party-service-in-sfcc/,/submit-multipart-form-data-to-a-third-party-service-in-sfcc/,post,posts/submit-multipart-form-data-to-a-third-party-service-in-sfcc.md,,submit-multipart-form-data-to-a-third-party-service-in-sfcc/index.html,pass,explicit-frontmatter-route,Keep route is preserved by explicit url front matter on the destination content file.
/submitting-a-file-to-a-third-party-service-in-sfcc/,/submitting-a-file-to-a-third-party-service-in-sfcc/,post,posts/submitting-a-file-to-a-third-party-service-in-sfcc.md,,submitting-a-file-to-a-third-party-service-in-sfcc/index.html,pass,explicit-frontmatter-route,Keep route is preserved by explicit url front matter on the destination content file.
/swc-and-storybook-error-failed-to-load-native-binding/,/swc-and-storybook-error-failed-to-load-native-binding/,page,pages/swc-and-storybook-error-failed-to-load-native-binding.md,,swc-and-storybook-error-failed-to-load-native-binding/index.html,pass,explicit-frontmatter-route,Keep route is preserved by explicit url front matter on the destination content file.
/taming-the-beast-a-developers-deep-dive-into-sfcc-meta-tag-rules/,/taming-the-beast-a-developers-deep-dive-into-sfcc-meta-tag-rules/,post,posts/taming-the-beast-a-developers-deep-dive-into-sfcc-meta-tag-rules.md,,taming-the-beast-a-developers-deep-dive-into-sfcc-meta-tag-rules/index.html,pass,explicit-frontmatter-route,Keep route is preserved by explicit url front matter on the destination content file.
/the-attribute-fallback-system-in-sfcc/,/the-attribute-fallback-system-in-sfcc/,post,posts/the-attribute-fallback-system-in-sfcc.md,,the-attribute-fallback-system-in-sfcc/index.html,pass,explicit-frontmatter-route,Keep route is preserved by explicit url front matter on the destination content file.
/the-b2c-commerce-architect-certification/,/the-b2c-commerce-architect-certification/,post,posts/the-b2c-commerce-architect-certification.md,,the-b2c-commerce-architect-certification/index.html,pass,explicit-frontmatter-route,Keep route is preserved by explicit url front matter on the destination content file.
/the-createorders-api-in-sfcc/,/the-createorders-api-in-sfcc/,post,posts/the-createorders-api-in-sfcc.md,,the-createorders-api-in-sfcc/index.html,pass,explicit-frontmatter-route,Keep route is preserved by explicit url front matter on the destination content file.
/the-deprecation-of-the-uuid-token-for-api-clients/,/the-deprecation-of-the-uuid-token-for-api-clients/,post,posts/the-deprecation-of-the-uuid-token-for-api-clients.md,,the-deprecation-of-the-uuid-token-for-api-clients/index.html,pass,explicit-frontmatter-route,Keep route is preserved by explicit url front matter on the destination content file.
/the-importance-of-origin-shielding/,/the-importance-of-origin-shielding/,post,posts/the-importance-of-origin-shielding.md,,the-importance-of-origin-shielding/index.html,pass,explicit-frontmatter-route,Keep route is preserved by explicit url front matter on the destination content file.
/the-journey-from-developer-to-architect/,/the-journey-from-developer-to-architect/,post,posts/the-journey-from-developer-to-architect.md,,the-journey-from-developer-to-architect/index.html,pass,explicit-frontmatter-route,Keep route is preserved by explicit url front matter on the destination content file.
/the-latest-in-sfcc-version-24-7/,/the-latest-in-sfcc-version-24-7/,post,posts/the-latest-in-sfcc-version-24-7.md,,the-latest-in-sfcc-version-24-7/index.html,pass,explicit-frontmatter-route,Keep route is preserved by explicit url front matter on the destination content file.
/the-move-from-on-site-to-remote/,/the-move-from-on-site-to-remote/,post,posts/the-move-from-on-site-to-remote.md,,the-move-from-on-site-to-remote/index.html,pass,explicit-frontmatter-route,Keep route is preserved by explicit url front matter on the destination content file.
/the-move-from-sitegenesis-and-sfra-to-the-composable-storefront-as-a-developer/,/the-move-from-sitegenesis-and-sfra-to-the-composable-storefront-as-a-developer/,post,posts/the-move-from-sitegenesis-and-sfra-to-the-composable-storefront-as-a-developer.md,,the-move-from-sitegenesis-and-sfra-to-the-composable-storefront-as-a-developer/index.html,pass,explicit-frontmatter-route,Keep route is preserved by explicit url front matter on the destination content file.
/the-path-to-being-an-architect/,/the-path-to-being-an-architect/,page,pages/the-path-to-being-an-architect.md,,the-path-to-being-an-architect/index.html,pass,explicit-frontmatter-route,Keep route is preserved by explicit url front matter on the destination content file.
/the-realm-split-field-guide-to-migrating-an-sfcc-site/,/the-realm-split-field-guide-to-migrating-an-sfcc-site/,post,posts/the-realm-split-field-guide-to-migrating-an-sfcc-site.md,,the-realm-split-field-guide-to-migrating-an-sfcc-site/index.html,pass,explicit-frontmatter-route,Keep route is preserved by explicit url front matter on the destination content file.
/the-request-body-in-an-sfcc-controller/,/the-request-body-in-an-sfcc-controller/,post,posts/the-request-body-in-an-sfcc-controller.md,,the-request-body-in-an-sfcc-controller/index.html,pass,explicit-frontmatter-route,Keep route is preserved by explicit url front matter on the destination content file.
/the-salesforce-b2c-commerce-cloud-environment/,/the-salesforce-b2c-commerce-cloud-environment/,post,posts/the-salesforce-b2c-commerce-cloud-environment.md,,the-salesforce-b2c-commerce-cloud-environment/index.html,pass,explicit-frontmatter-route,Keep route is preserved by explicit url front matter on the destination content file.
/the-sfcc-guide-to-finding-pod-numbers/,/the-sfcc-guide-to-finding-pod-numbers/,post,posts/the-sfcc-guide-to-finding-pod-numbers.md,,the-sfcc-guide-to-finding-pod-numbers/index.html,pass,explicit-frontmatter-route,Keep route is preserved by explicit url front matter on the destination content file.
/the-state-of-ohana-for-salesforce-commerce-cloud/,/the-state-of-ohana-for-salesforce-commerce-cloud/,post,posts/the-state-of-ohana-for-salesforce-commerce-cloud.md,,the-state-of-ohana-for-salesforce-commerce-cloud/index.html,pass,explicit-frontmatter-route,Keep route is preserved by explicit url front matter on the destination content file.
/the-sunsetting-of-arc300-architect-b2c-commerce-solutions/,/the-sunsetting-of-arc300-architect-b2c-commerce-solutions/,post,posts/the-sunsetting-of-arc300-architect-b2c-commerce-solutions.md,,the-sunsetting-of-arc300-architect-b2c-commerce-solutions/index.html,pass,explicit-frontmatter-route,Keep route is preserved by explicit url front matter on the destination content file.
/third-party-api-caching-in-commerce-cloud/,/third-party-api-caching-in-commerce-cloud/,post,posts/third-party-api-caching-in-commerce-cloud.md,,third-party-api-caching-in-commerce-cloud/index.html,pass,explicit-frontmatter-route,Keep route is preserved by explicit url front matter on the destination content file.
/three-things-to-secure-sfcc/,/three-things-to-secure-sfcc/,post,posts/three-things-to-secure-sfcc.md,,three-things-to-secure-sfcc/index.html,pass,explicit-frontmatter-route,Keep route is preserved by explicit url front matter on the destination content file.
/trailblazerdx-2022-for-b2c-commerce/,/trailblazerdx-2022-for-b2c-commerce/,post,posts/trailblazerdx-2022-for-b2c-commerce.md,,trailblazerdx-2022-for-b2c-commerce/index.html,pass,explicit-frontmatter-route,Keep route is preserved by explicit url front matter on the destination content file.
/understanding-locale-fallback-in-sfcc/,/understanding-locale-fallback-in-sfcc/,post,posts/understanding-locale-fallback-in-sfcc.md,,understanding-locale-fallback-in-sfcc/index.html,pass,explicit-frontmatter-route,Keep route is preserved by explicit url front matter on the destination content file.
/understanding-sfcc-instances/,/understanding-sfcc-instances/,post,posts/understanding-sfcc-instances.md,,understanding-sfcc-instances/index.html,pass,explicit-frontmatter-route,Keep route is preserved by explicit url front matter on the destination content file.
/unravelling-the-mystery-of-dates-in-the-ocapi/,/unravelling-the-mystery-of-dates-in-the-ocapi/,post,posts/unravelling-the-mystery-of-dates-in-the-ocapi.md,,unravelling-the-mystery-of-dates-in-the-ocapi/index.html,pass,explicit-frontmatter-route,Keep route is preserved by explicit url front matter on the destination content file.
/versioning-of-content-assets/,/versioning-of-content-assets/,page,pages/versioning-of-content-assets.md,,versioning-of-content-assets/index.html,pass,explicit-frontmatter-route,Keep route is preserved by explicit url front matter on the destination content file.
/video/,/video/,page,pages/video.md,,video/index.html,pass,explicit-frontmatter-route,Keep route is preserved by explicit url front matter on the destination content file.
/what-can-i-use-chatgpt-for-when-working-with-salesforce/,/what-can-i-use-chatgpt-for-when-working-with-salesforce/,post,posts/what-can-i-use-chatgpt-for-when-working-with-salesforce.md,,what-can-i-use-chatgpt-for-when-working-with-salesforce/index.html,pass,explicit-frontmatter-route,Keep route is preserved by explicit url front matter on the destination content file.
/what-does-the-composable-storefront-mean-for-sfcc-developers/,/what-does-the-composable-storefront-mean-for-sfcc-developers/,post,posts/what-does-the-composable-storefront-mean-for-sfcc-developers.md,,what-does-the-composable-storefront-mean-for-sfcc-developers/index.html,pass,explicit-frontmatter-route,Keep route is preserved by explicit url front matter on the destination content file.
/what-is-commerce-on-core/,/what-is-commerce-on-core/,post,posts/what-is-commerce-on-core.md,,what-is-commerce-on-core/index.html,pass,explicit-frontmatter-route,Keep route is preserved by explicit url front matter on the destination content file.
/what-is-new-in-sfcc-24-6/,/what-is-new-in-sfcc-24-6/,post,posts/what-is-new-in-sfcc-24-6.md,,what-is-new-in-sfcc-24-6/index.html,pass,explicit-frontmatter-route,Keep route is preserved by explicit url front matter on the destination content file.
/what-is-new-in-the-23-8-commerce-cloud-release/,/what-is-new-in-the-23-8-commerce-cloud-release/,video,posts/what-is-new-in-the-23-8-commerce-cloud-release.md,,what-is-new-in-the-23-8-commerce-cloud-release/index.html,pass,explicit-frontmatter-route,Keep route is preserved by explicit url front matter on the destination content file.
/what-is-oci-omnichannel-inventory/,/what-is-oci-omnichannel-inventory/,post,posts/what-is-oci-omnichannel-inventory.md,,what-is-oci-omnichannel-inventory/index.html,pass,explicit-frontmatter-route,Keep route is preserved by explicit url front matter on the destination content file.
/what-is-the-ocapi-session-bridge/,/what-is-the-ocapi-session-bridge/,post,posts/what-is-the-ocapi-session-bridge.md,,what-is-the-ocapi-session-bridge/index.html,pass,explicit-frontmatter-route,Keep route is preserved by explicit url front matter on the destination content file.
/what-is-the-sfcc-managed-runtime/,/what-is-the-sfcc-managed-runtime/,post,posts/what-is-the-sfcc-managed-runtime.md,,what-is-the-sfcc-managed-runtime/index.html,pass,explicit-frontmatter-route,Keep route is preserved by explicit url front matter on the destination content file.
/what-skills-do-i-need-as-a-sfcc-architect/,/what-skills-do-i-need-as-a-sfcc-architect/,post,posts/what-skills-do-i-need-as-a-sfcc-architect.md,,what-skills-do-i-need-as-a-sfcc-architect/index.html,pass,explicit-frontmatter-route,Keep route is preserved by explicit url front matter on the destination content file.
/where-is-the-new-sfcc-documentation/,/where-is-the-new-sfcc-documentation/,post,posts/where-is-the-new-sfcc-documentation.md,,where-is-the-new-sfcc-documentation/index.html,pass,explicit-frontmatter-route,Keep route is preserved by explicit url front matter on the destination content file.
/where-to-hook-into-an-sfra-controller/,/where-to-hook-into-an-sfra-controller/,post,posts/where-to-hook-into-an-sfra-controller.md,,where-to-hook-into-an-sfra-controller/index.html,pass,explicit-frontmatter-route,Keep route is preserved by explicit url front matter on the destination content file.
/where-to-start-when-you-are-new-to-salesforce-b2c-commerce-cloud-development/,/where-to-start-when-you-are-new-to-salesforce-b2c-commerce-cloud-development/,post,posts/where-to-start-when-you-are-new-to-salesforce-b2c-commerce-cloud-development.md,,where-to-start-when-you-are-new-to-salesforce-b2c-commerce-cloud-development/index.html,pass,explicit-frontmatter-route,Keep route is preserved by explicit url front matter on the destination content file.
/why-circumventing-sfcc-quota-limits-is-a-bad-idea/,/why-circumventing-sfcc-quota-limits-is-a-bad-idea/,post,posts/why-circumventing-sfcc-quota-limits-is-a-bad-idea.md,,why-circumventing-sfcc-quota-limits-is-a-bad-idea/index.html,pass,explicit-frontmatter-route,Keep route is preserved by explicit url front matter on the destination content file.
/wp-content/uploads/2023/10/2d9abc21-7f77-4b94-81a5-07f15a0c28d3.pdf,/wp-content/uploads/2023/10/2d9abc21-7f77-4b94-81a5-07f15a0c28d3.pdf,attachment,,wp-content/uploads/2023/10/2d9abc21-7f77-4b94-81a5-07f15a0c28d3.pdf,wp-content/uploads/2023/10/2d9abc21-7f77-4b94-81a5-07f15a0c28d3.pdf,pass,live-static-asset,Keep route is preserved as a static asset in both source and built output.
/wp-content/uploads/2023/11/B2C-Commerce-Variation-Group-Guide.pdf,/wp-content/uploads/2023/11/B2C-Commerce-Variation-Group-Guide.pdf,attachment,,wp-content/uploads/2023/11/B2C-Commerce-Variation-Group-Guide.pdf,wp-content/uploads/2023/11/B2C-Commerce-Variation-Group-Guide.pdf,pass,live-static-asset,Keep route is preserved as a static asset in both source and built output.
/wp-content/uploads/2025/03/send_ext_order_feeds_to_einstein.pdf,/wp-content/uploads/2025/03/send_ext_order_feeds_to_einstein.pdf,attachment,,wp-content/uploads/2025/03/send_ext_order_feeds_to_einstein.pdf,wp-content/uploads/2025/03/send_ext_order_feeds_to_einstein.pdf,pass,live-static-asset,Keep route is preserved as a static asset in both source and built output.
/your-definitive-mobile-app-checklist/,/your-definitive-mobile-app-checklist/,post,posts/your-definitive-mobile-app-checklist.md,,your-definitive-mobile-app-checklist/index.html,pass,explicit-frontmatter-route,Keep route is preserved by explicit url front matter on the destination content file.
