source_id,selection_scope,primary_source_type,source_channel_set,post_type,disposition,title,legacy_url,target_url,top_90_rank,top_28_rank,compatible_alias_count,has_code_blocks,has_tables,has_embedded_media,image_count,word_count,coverage_tags,notes
73,content-backed,wxr,filesystem|wxr,page,keep,Home,/,/,6,2,0,,,,2,116,page|homepage|top-10-traffic-90d|top-10-traffic-28d,traffic-priority candidate from Phase 1 baseline
4455,content-backed,wxr,filesystem|wxr,post,keep,20 years of Dreamforce,/20-years-of-dreamforce/,/20-years-of-dreamforce/,,,0,,,,7,1470,standard-article,
8698,content-backed,wxr,filesystem|wxr,post,keep,A Beginner's Guide to WebDAV for Salesforce B2C Commerce Cloud: Simplifying File Management,/a-beginners-guide-to-webdav-in-sfcc/,/a-beginners-guide-to-webdav-in-sfcc/,5,14,0,1,,,2,782,top-10-traffic-90d,traffic-priority candidate from Phase 1 baseline
9316,content-backed,wxr,filesystem|wxr,post,keep,A deep-dive into the 23.7 Commerce Cloud release,/a-deep-dive-into-the-23-7-sfcc-release/,/a-deep-dive-into-the-23-7-sfcc-release/,,,0,,,,3,1066,standard-article,
13802,content-backed,wxr,filesystem|wxr,post,keep,Unmasking the Ghosts in the Machine: A Developer's Guide to Combating Fraud on Salesforce B2C Commerce Cloud,/a-dev-guide-to-combating-fraud-on-sfcc/,/a-dev-guide-to-combating-fraud-on-sfcc/,,,0,,,,4,3115,standard-article,
9935,content-backed,wxr,filesystem|wxr,post,keep,Transforming the Future with the 23.9 Release and Custom SCAPI Endpoints,/a-look-at-the-23-9-commerce-cloud-release/,/a-look-at-the-23-9-commerce-cloud-release/,,,0,,,,3,1105,standard-article,
9054,content-backed,wxr,wxr,post,keep,A look at the Salesforce B2C Commerce Cloud 23.6 release,/a-look-at-the-salesforce-b2c-commerce-cloud-23-6-release/,/a-look-at-the-salesforce-b2c-commerce-cloud-23-6-release/,,,0,,,,0,1442,standard-article,
11255,content-backed,wxr,filesystem|wxr,post,keep,A look at the Salesforce B2C Commerce Cloud 24.2 release,/a-look-at-the-salesforce-b2c-commerce-cloud-24-2-release/,/a-look-at-the-salesforce-b2c-commerce-cloud-24-2-release/,,,0,1,,,4,1358,,
8232,content-backed,wxr,filesystem|wxr,post,keep,A look at the Salesforce B2C Commerce Cloud 23.5 release,/a-look-at-the-sfcc-23-5-release/,/a-look-at-the-sfcc-23-5-release/,,,0,,,,2,1142,standard-article,
4640,content-backed,wxr,filesystem|wxr,post,keep,A look back at Origin Shielding,/a-look-back-at-origin-shielding/,/a-look-back-at-origin-shielding/,,,0,,,,2,693,standard-article,
4667,content-backed,wxr,filesystem|wxr,post,keep,A new Commerce Cloud community in town!,/a-new-commerce-cloud-community-in-town/,/a-new-commerce-cloud-community-in-town/,,,0,,,,2,659,standard-article,
7774,content-backed,wxr,filesystem|wxr,post,keep,A New Day for Commerce: Recap,/a-new-day-for-commerce-recap/,/a-new-day-for-commerce-recap/,,,0,,,,4,1098,standard-article,
14004,content-backed,wxr,filesystem|wxr,post,keep,The SFCC Quota Gauntlet: A Developer's Survival Guide to the Top Platform Limits,/a-survival-guide-to-sfcc-platform-limits/,/a-survival-guide-to-sfcc-platform-limits/,,4,0,,,,3,5793,standard-article|top-10-traffic-28d,traffic-priority candidate from Phase 1 baseline
68,content-backed,wxr,filesystem|wxr,page,keep,About,/about/,/about/,,,0,,,,2,607,page,
9611,content-backed,wxr,filesystem|wxr,post,keep,Mastering the Power of AI: Leveraging Technology as an Architect and Content Creator,/ai-as-an-architect-and-content-creator/,/ai-as-an-architect-and-content-creator/,,,0,,,,6,977,standard-article,
7399,content-backed,wxr,filesystem|wxr,post,keep,AI Automation to Augmentation: Its new role in the workplace,/ai-automation-to-augmentation-at-work/,/ai-automation-to-augmentation-at-work/,,,0,,,,2,1442,standard-article,
4099,content-backed,wxr,filesystem|wxr,post,keep,AI (Einstein) in Salesforce B2C Commerce Cloud,/ai-einstein-in-salesforce-b2c-commerce-cloud/,/ai-einstein-in-salesforce-b2c-commerce-cloud/,21,25,0,,,,7,1114,standard-article,traffic-priority candidate from Phase 1 baseline
13098,content-backed,wxr,filesystem|wxr,post,keep,"AI Won't Steal Your SFCC Job, But a Developer Using AI Will: The Rhino Inquisitor's Survival Guide",/ai-wont-steal-your-sfcc-job-but-a-developer-using-ai-will/,/ai-wont-steal-your-sfcc-job-but-a-developer-using-ai-will/,,,0,,,,4,2490,standard-article,
8424,content-backed,wxr,filesystem|wxr,post,keep,A Comprehensive Overview of Server-Side Global Functions in Salesforce B2C Commerce Cloud,/an-overview-of-sfcc-global-functions/,/an-overview-of-sfcc-global-functions/,,,0,1,,,2,574,,
352,content-backed,wxr,wxr,page,keep,Archive,/archive/,/archive/,,,0,,,,0,0,page,
3817,content-backed,wxr,filesystem|wxr,post,keep,Campaign ERD of Salesforce B2C Commerce Cloud,/b2c-commerce-cloud-campaign-erd/,/b2c-commerce-cloud-campaign-erd/,,,0,,,,2,511,standard-article,
664,content-backed,wxr,filesystem|wxr,post,keep,B2C Commerce: What's New In 22.4,/b2c-commerce-whats-new-in-22-4/,/b2c-commerce-whats-new-in-22-4/,,,0,,,,6,931,standard-article,
567,content-backed,wxr,filesystem|wxr,post,keep,B2C Commerce: What's new in the 22.3 release,/b2c-commerce-whats-new-in-the-22-3-release/,/b2c-commerce-whats-new-in-the-22-3-release/,,,0,,,,3,516,standard-article,
12231,content-backed,wxr,filesystem|wxr,post,keep,Caching in the Salesforce Composable Storefront,/caching-in-the-sfcc-composable-storefront/,/caching-in-the-sfcc-composable-storefront/,11,7,0,1,,,1,1031,top-10-traffic-28d,traffic-priority candidate from Phase 1 baseline
3433,content-backed,wxr,filesystem|wxr,post,keep,Leveraging Server-Side Caching to Improve SFCC REST API Speed,/caching-rest-apis-in-sfcc/,/caching-rest-apis-in-sfcc/,,,0,1,,,2,647,,
9446,content-backed,wxr,filesystem|wxr,page,keep,Can an isslot Element have a dynamic ID?,/can-a-isslot-element-have-a-dynamic-id/,/can-a-isslot-element-have-a-dynamic-id/,,,0,,,,1,136,page,
category:40,content-backed,wxr,wxr,category,keep,Certification,/category/certification/,/category/certification/,,,0,,,,0,0,category-listing,
category:11,content-backed,wxr,wxr,category,keep,Community,/category/community/,/category/community/,,,0,,,,0,5,category-listing,
category:42,content-backed,wxr,wxr,category,keep,Corporate,/category/corporate/,/category/corporate/,,,0,,,,0,0,category-listing,
category:77,content-backed,wxr,wxr,category,keep,External,/category/external/,/category/external/,,,0,,,,0,0,category-listing,
category:80,content-backed,wxr,wxr,category,keep,Forward,/category/external/forward/,/category/external/forward/,,,0,,,,0,0,category-listing,
category:83,content-backed,wxr,wxr,category,keep,LinkedIn,/category/external/linkedin/,/category/external/linkedin/,,,0,,,,0,0,category-listing,
category:96,content-backed,wxr,wxr,category,keep,Salesforce Architects Blog,/category/external/salesforce-architects-blog/,/category/external/salesforce-architects-blog/,,,0,,,,0,0,category-listing,
category:91,content-backed,wxr,wxr,category,keep,Salesforce Ben,/category/external/salesforce-ben/,/category/external/salesforce-ben/,,,0,,,,0,0,category-listing,
category:100,content-backed,wxr,wxr,category,keep,React,/category/react/,/category/react/,,,0,,,,0,0,category-listing,
category:12,content-backed,wxr,wxr,category,keep,Salesforce Commerce Cloud,/category/salesforce-commerce-cloud/,/category/salesforce-commerce-cloud/,,,0,,,,0,5,category-listing,
category:99,content-backed,wxr,wxr,category,keep,AI,/category/salesforce-commerce-cloud/ai/,/category/salesforce-commerce-cloud/ai/,,,0,,,,0,0,category-listing,
category:69,content-backed,wxr,wxr,category,keep,Architecture,/category/salesforce-commerce-cloud/architecture/,/category/salesforce-commerce-cloud/architecture/,,,0,,,,0,0,category-listing,
category:98,content-backed,wxr,wxr,category,keep,Documentation,/category/salesforce-commerce-cloud/documentation/,/category/salesforce-commerce-cloud/documentation/,,,0,,,,0,0,category-listing,
category:90,content-backed,wxr,wxr,category,keep,ERD,/category/salesforce-commerce-cloud/erd/,/category/salesforce-commerce-cloud/erd/,,,0,,,,0,0,category-listing,
category:45,content-backed,wxr,wxr,category,keep,GO-LIVE,/category/salesforce-commerce-cloud/go-live/,/category/salesforce-commerce-cloud/go-live/,,,0,,,,0,0,category-listing,
category:28,content-backed,wxr,wxr,category,keep,Release Notes,/category/salesforce-commerce-cloud/release-notes/,/category/salesforce-commerce-cloud/release-notes/,,,0,,,,0,0,category-listing,
category:13,content-backed,wxr,wxr,category,keep,Technical,/category/salesforce-commerce-cloud/technical/,/category/salesforce-commerce-cloud/technical/,,,0,,,,0,6,category-listing,
category:84,content-backed,wxr,wxr,category,keep,Salesforce Platform,/category/salesforce-platform/,/category/salesforce-platform/,,,0,,,,0,0,category-listing,
category:1,content-backed,wxr,wxr,category,keep,Uncategorized,/category/uncategorized/,/category/uncategorized/,,,0,,,,0,0,category-listing,
category:73,content-backed,wxr,wxr,category,keep,Video,/category/video/,/category/video/,,,0,,,,0,0,category-listing,
category:75,content-backed,wxr,wxr,category,keep,Podcasts,/category/video/podcasts/,/category/video/podcasts/,,,0,,,,0,0,category-listing,
category:74,content-backed,wxr,wxr,category,keep,Sessions,/category/video/sessions/,/category/video/sessions/,,,0,,,,0,0,category-listing,
1265,content-backed,wxr,filesystem|wxr,post,keep,Certifications for Salesforce B2C Commerce Cloud,/certifications-for-salesforce-b2c-commerce-cloud/,/certifications-for-salesforce-b2c-commerce-cloud/,,,0,,,,3,941,standard-article,
10100,content-backed,wxr,filesystem|wxr,post,keep,Chasing Clouds & Catching Up with the #CommerceCrew at Dreamforce 2023,/chasing-clouds-catching-up-with-the-commercecrew-at-dreamforce-2023/,/chasing-clouds-catching-up-with-the-commercecrew-at-dreamforce-2023/,,,0,,,1,6,713,embedded-media,
896,content-backed,wxr,filesystem|wxr,post,keep,Commerce Cloud t-shirts on #shirtforce,/commerce-cloud-t-shirts-on-shirtforce/,/commerce-cloud-t-shirts-on-shirtforce/,,,0,,,,5,543,standard-article,
1678,content-backed,wxr,wxr,page,keep,Community Repositories,/community-repositories/,/community-repositories/,,,0,,,,0,1520,page,
2616,content-backed,wxr,wxr,post,keep,Community Salesforce Events and Commerce Cloud,/community-salesforce-events-and-commerce-cloud/,/community-salesforce-events-and-commerce-cloud/,,,0,,,1,0,941,embedded-media,
4795,content-backed,wxr,wxr,page,keep,Connecting the Clouds: Wedding or funeral,/connecting-the-clouds-wedding-or-funeral/,/connecting-the-clouds-wedding-or-funeral/,,,0,,,,0,0,page,
7726,content-backed,wxr,wxr,page,keep,Cookie Policy (EU),/cookie-policy-eu/,/cookie-policy-eu/,,,0,,,,0,19,page,
2770,content-backed,wxr,filesystem|wxr,post,keep,Creating custom OCAPI endpoints,/creating-custom-ocapi-endpoints/,/creating-custom-ocapi-endpoints/,8,23,0,1,,,5,1211,top-10-traffic-90d,traffic-priority candidate from Phase 1 baseline
8389,content-backed,wxr,filesystem|wxr,post,keep,Custom Preferences in Salesforce B2C Commerce Cloud: A Developer Guide,/custom-preferences-in-sfcc/,/custom-preferences-in-sfcc/,,21,0,1,,,1,648,,traffic-priority candidate from Phase 1 baseline
3042,content-backed,wxr,filesystem|wxr,post,keep,Custom TTF fonts in PDF for Salesforce B2C Commerce Cloud,/custom-ttf-fonts-in-pdf-for-sfcc/,/custom-ttf-fonts-in-pdf-for-sfcc/,13,17,0,1,,,1,515,,traffic-priority candidate from Phase 1 baseline
3089,content-backed,wxr,filesystem|wxr,post,keep,Delta exports in Salesforce B2C Commerce Cloud,/delta-exports-in-salesforce-b2c-commerce-cloud/,/delta-exports-in-salesforce-b2c-commerce-cloud/,,,1,,,,6,804,standard-article|redirect-alias-scenario,aliases:/delta-exports-in-salesforce-b2c-commerce/
11566,content-backed,wxr,filesystem|wxr,post,keep,Digging into the B2C Commerce Cloud 24.3 release,/digging-into-the-b2c-commerce-cloud-24-3-release/,/digging-into-the-b2c-commerce-cloud-24-3-release/,,,0,,,,2,1262,standard-article,
2434,content-backed,wxr,filesystem|wxr,post,keep,Events and the Golden Hoodie,/events-and-the-golden-hoodie/,/events-and-the-golden-hoodie/,,,0,,,1,2,1072,embedded-media,
7832,content-backed,wxr,filesystem|wxr,post,keep,Everything new in Salesforce B2C Commerce Cloud 23.4,/everything-new-in-sfcc-23-4/,/everything-new-in-sfcc-23-4/,,,0,,,,1,890,standard-article,
6559,content-backed,wxr,filesystem|wxr,post,keep,How do you fetch data in a different locale from Salesforce B2C Commerce Cloud?,/fetching-data-in-a-locale-with-sfcc/,/fetching-data-in-a-locale-with-sfcc/,,,0,1,,,1,414,,
13328,content-backed,wxr,filesystem|wxr,post,keep,Field Guide to Custom Caches: Wielding a Double-Edged Sword,/field-guide-to-custom-caches-in-sfcc/,/field-guide-to-custom-caches-in-sfcc/,,6,0,1,,,2,3184,top-10-traffic-28d,traffic-priority candidate from Phase 1 baseline
1845,content-backed,wxr,filesystem|wxr,post,keep,Get connected at Salesforce Connections 2022,/get-connected-at-salesforce-connections-2022/,/get-connected-at-salesforce-connections-2022/,,,0,,,,2,1801,standard-article,
11813,content-backed,wxr,wxr,post,keep,Getting secured with the 24.5 Salesforce B2C Commerce Cloud release,/getting-secured-with-the-24-5-salesforce-b2c-commerce-cloud-release/,/getting-secured-with-the-24-5-salesforce-b2c-commerce-cloud-release/,,,0,,,,0,1335,standard-article,
972,content-backed,wxr,filesystem|wxr,post,keep,Getting to know SFRA as a developer,/getting-to-know-sfra-as-a-developer/,/getting-to-know-sfra-as-a-developer/,,,0,,,,2,674,standard-article,
11734,content-backed,wxr,filesystem|wxr,post,keep,Getting to know the SFCC 24.4 Release,/getting-to-know-the-sfcc-24-4-release/,/getting-to-know-the-sfcc-24-4-release/,,,0,1,,,3,1267,,
8853,content-backed,wxr,filesystem|wxr,post,keep,A Developer's Guide to Using the getProps Method in the PWA Kit,/guide-to-the-getprops-method-in-sfcc/,/guide-to-the-getprops-method-in-sfcc/,,,0,1,,,1,1067,,
4836,content-backed,wxr,wxr,page,keep,Headless,/headless/,/headless/,,,0,,,1,0,103,embedded-media|page,
656,content-backed,wxr,filesystem|wxr,post,keep,Helpful Salesforce B2C Commerce Cloud Cartridges,/helpful-salesforce-b2c-commerce-cloud-cartridges/,/helpful-salesforce-b2c-commerce-cloud-cartridges/,,,0,,,,4,940,standard-article,
705,content-backed,wxr,filesystem|wxr,post,keep,Helpful Salesforce B2C Commerce Cloud CLI tools,/helpful-salesforce-b2c-commerce-cloud-cli-tools/,/helpful-salesforce-b2c-commerce-cloud-cli-tools/,,,0,,,,1,574,standard-article,
5742,content-backed,wxr,filesystem|wxr,post,keep,How to change the code Compatibility Mode in Salesforce B2C Commerce Cloud,/how-to-change-the-code-compatibility-mode-in-salesforce-b2c-commerce-cloud/,/how-to-change-the-code-compatibility-mode-in-salesforce-b2c-commerce-cloud/,,,0,1,,,6,623,,
4411,content-backed,wxr,filesystem|wxr,post,keep,How to extend Active Data in Salesforce B2C Commerce Cloud,/how-to-extend-active-data-in-salesforce-b2c-commerce-cloud/,/how-to-extend-active-data-in-salesforce-b2c-commerce-cloud/,23,,0,1,,,7,853,,traffic-priority candidate from Phase 1 baseline
9752,content-backed,wxr,filesystem|wxr,post,keep,How to filter JSDoc in Storybook Autodocs,/how-to-filter-jsdoc-in-storybook-autodocs/,/how-to-filter-jsdoc-in-storybook-autodocs/,,,0,1,,,2,215,,
528,content-backed,wxr,filesystem|wxr,post,keep,How to get a Salesforce B2C Commerce Cloud Sandbox,/how-to-get-a-salesforce-b2c-commerce-cloud-sandbox/,/how-to-get-a-salesforce-b2c-commerce-cloud-sandbox/,10,13,0,,,,1,717,standard-article|top-10-traffic-90d,traffic-priority candidate from Phase 1 baseline
2978,content-backed,wxr,filesystem|wxr,post,keep,How to get Salesforce certification vouchers,/how-to-get-salesforce-certification-vouchers/,/how-to-get-salesforce-certification-vouchers/,,,0,,,,3,488,standard-article,
6585,content-backed,wxr,filesystem|wxr,post,keep,How to load client-side JavaScript and CSS in SFRA,/how-to-load-client-side-javascript-and-css-in-sfra/,/how-to-load-client-side-javascript-and-css-in-sfra/,20,,0,1,,,1,563,,traffic-priority candidate from Phase 1 baseline
6429,content-backed,wxr,filesystem|wxr,post,keep,How to set up SLAS for the Composable Storefront,/how-to-set-up-slas-for-the-composable-storefront/,/how-to-set-up-slas-for-the-composable-storefront/,12,11,0,1,,,8,1000,,traffic-priority candidate from Phase 1 baseline
5618,content-backed,wxr,filesystem|wxr,post,keep,How to set up the eCDN for Staging in Salesforce B2C Commerce Cloud,/how-to-set-up-the-ecdn-in-sfcc-staging/,/how-to-set-up-the-ecdn-in-sfcc-staging/,,,0,1,,,2,1179,,
2536,content-backed,wxr,filesystem|wxr,post,keep,How to setup OAuth JWT for the OCAPI,/how-to-setup-oauth-jwt-for-the-ocapi/,/how-to-setup-oauth-jwt-for-the-ocapi/,24,,0,1,,,3,684,,traffic-priority candidate from Phase 1 baseline
9537,content-backed,wxr,filesystem|wxr,post,keep,SFRA and Node 18: A Match Made in eCommerce Paradise or Hell?,/how-to-use-node-18-with-sfra/,/how-to-use-node-18-with-sfra/,,,0,1,,,2,579,,
2265,content-backed,wxr,filesystem|wxr,post,keep,The OCAPI/SCAPI Hooks Playbook: A Deep Dive into Salesforce B2C Commerce Best Practices,/how-to-use-ocapi-scapi-hooks/,/how-to-use-ocapi-scapi-hooks/,2,3,0,1,,,5,793,top-10-traffic-90d|top-10-traffic-28d,traffic-priority candidate from Phase 1 baseline
365,content-backed,wxr,wxr,page,keep,Ideas,/ideas/,/ideas/,,,0,,,,0,82,page,
376,content-backed,wxr,filesystem|wxr,page,keep,Page Designer: Add ability to copy/paste components,/ideas/page-designer-add-ability-to-copy-paste-components/,/ideas/page-designer-add-ability-to-copy-paste-components/,,,0,,,,1,169,page,
407,content-backed,wxr,filesystem|wxr,page,keep,Page Designer: Dynamic Pages - Optional Subcategories,/ideas/page-designer-dynamic-pages-optional-subcategories/,/ideas/page-designer-dynamic-pages-optional-subcategories/,,,0,,,,1,267,page,
13242,content-backed,wxr,filesystem|wxr,post,keep,Image-ine: Salesforce B2C Commerce Cloud DIS for Developers,/image-ine-sfcc-dis-for-developers/,/image-ine-sfcc-dis-for-developers/,,20,0,1,,,3,2376,,traffic-priority candidate from Phase 1 baseline
11658,content-backed,wxr,filesystem|wxr,post,keep,In the ring: OCAPI versus SCAPI,/in-the-ring-ocapi-versus-scapi/,/in-the-ring-ocapi-versus-scapi/,3,15,0,,,,1,1006,standard-article|top-10-traffic-90d,traffic-priority candidate from Phase 1 baseline
4863,content-backed,wxr,wxr,page,keep,Inside the Ohana,/inside-the-ohana/,/inside-the-ohana/,,,0,,,1,0,22,embedded-media|page,
1061,content-backed,wxr,filesystem|wxr,post,keep,Is Salesforce Certification worth it?,/is-salesforce-certification-worth-it/,/is-salesforce-certification-worth-it/,,,0,,,,3,1425,standard-article,
12087,content-backed,wxr,filesystem|wxr,post,keep,It sure has been quiet on this blog.,/it-sure-has-been-quiet-on-this-blog/,/it-sure-has-been-quiet-on-this-blog/,,,0,,,,2,840,standard-article,
13621,content-backed,wxr,filesystem|wxr,post,keep,The Kickstart Guide for New Salesforce B2C Commerce Developers,/kickstart-guide-for-new-sfcc-developers/,/kickstart-guide-for-new-sfcc-developers/,,12,0,,,,1,3819,standard-article,traffic-priority candidate from Phase 1 baseline
12990,content-backed,wxr,filesystem|wxr,post,keep,From Lag to Riches: A PWA Kit Developer's Guide to Storefront Speed,/lag-to-riches-a-pwa-kit-developers-guide/,/lag-to-riches-a-pwa-kit-developers-guide/,,1,0,,1,,4,4001,top-10-traffic-28d,traffic-priority candidate from Phase 1 baseline
3895,content-backed,wxr,filesystem|wxr,post,keep,Let’s GO-LIVE: Customer Migration,/lets-go-live-customer-migration/,/lets-go-live-customer-migration/,,,0,,,,2,730,standard-article,
1207,content-backed,wxr,filesystem|wxr,post,keep,Let's GO-LIVE: eCDN,/lets-go-live-ecdn/,/lets-go-live-ecdn/,,,0,1,,,13,1634,,
2517,content-backed,wxr,wxr,post,keep,Let's GO-LIVE: SEO,/lets-go-live-seo/,/lets-go-live-seo/,,,0,,,,0,786,standard-article,
10587,content-backed,wxr,filesystem|wxr,post,keep,Leveraging Generic Mapping for Efficient Data Integration,/leveraging-generic-mappings-in-sfcc/,/leveraging-generic-mappings-in-sfcc/,,,0,1,,,2,752,,
6992,content-backed,wxr,filesystem|wxr,post,keep,Life is about choices,/life-is-about-choices/,/life-is-about-choices/,,,0,,,,3,666,standard-article,
4854,content-backed,wxr,wxr,page,keep,Life With Goldie,/life-with-goldie/,/life-with-goldie/,,,0,,,1,0,153,embedded-media|page,
12891,content-backed,wxr,filesystem|wxr,post,keep,Local vs Shared Variation Attributes in Commerce Cloud,/local-vs-shared-variation-attributes-sfcc/,/local-vs-shared-variation-attributes-sfcc/,,,0,1,,,3,883,,
431,content-backed,wxr,filesystem|wxr,post,keep,Mail Attachments in B2C Commerce Cloud,/mail-attachments-in-b2c-commerce-cloud/,/mail-attachments-in-b2c-commerce-cloud/,,,0,1,,,1,2334,,
10642,content-backed,wxr,filesystem|wxr,post,keep,Mastering Chunk-Oriented Job Steps in Salesforce B2C Commerce Cloud,/mastering-chunk-oriented-job-steps-in-salesforce-b2c-commerce-cloud/,/mastering-chunk-oriented-job-steps-in-salesforce-b2c-commerce-cloud/,4,5,0,1,,,3,1048,top-10-traffic-90d|top-10-traffic-28d,traffic-priority candidate from Phase 1 baseline
12947,content-backed,wxr,filesystem|wxr,post,keep,Mastering Sitemaps in Salesforce B2C Commerce: A Developer's Guide,/mastering-sitemaps-in-sfcc/,/mastering-sitemaps-in-sfcc/,,9,0,,1,,3,1345,top-10-traffic-28d,traffic-priority candidate from Phase 1 baseline
4801,content-backed,wxr,wxr,page,keep,"Me, Myself, and Headless: A Composable Commerce Cloud story",/me-myself-and-headless-a-composable-commerce-cloud-story/,/me-myself-and-headless-a-composable-commerce-cloud-story/,,,0,,,1,0,110,embedded-media|page,
11710,content-backed,wxr,wxr,post,keep,How to migrate passwords from Magento using Argon2,/migrate-magento-passwords-using-argon2/,/migrate-magento-passwords-using-argon2/,,,0,1,,,0,488,,
9027,content-backed,wxr,filesystem|wxr,post,keep,"Navigating Dates, Calendars, and Timezones in Salesforce B2C Commerce Cloud",/navigating-dates-calendars-in-sfcc/,/navigating-dates-calendars-in-sfcc/,,,0,1,,,3,907,,
10453,content-backed,wxr,filesystem|wxr,post,keep,New APIs and Features for a Headless B2C Commerce Cloud,/new-apis-and-features-for-a-headless-sfcc/,/new-apis-and-features-for-a-headless-sfcc/,,,0,,,,1,747,standard-article,
2688,content-backed,wxr,filesystem|wxr,post,keep,Salesforce B2C Commerce Certifications for Non-Technical Professionals,/non-technical-sfcc-certifications/,/non-technical-sfcc-certifications/,,,0,,,,6,1157,standard-article,
2082,content-backed,wxr,wxr,post,keep,Office Hours for Salesforce B2C Commerce Cloud,/office-hours-for-salesforce-b2c-commerce-cloud/,/office-hours-for-salesforce-b2c-commerce-cloud/,,,0,,,,0,647,standard-article,
5591,content-backed,wxr,wxr,page,keep,Offline,/offline/,/offline/,,,0,,,,0,24,page,
133,content-backed,wxr,filesystem|wxr,post,keep,PDF And Salesforce B2C Commerce Cloud,/pdf-and-salesforce-commerce-cloud-b2c/,/pdf-and-salesforce-commerce-cloud-b2c/,,,0,,,,1,1383,standard-article,
1869,content-backed,wxr,wxr,post,keep,Podcasts about Salesforce B2C Commerce Cloud,/podcasts-for-salesforce-b2c-commerce-cloud/,/podcasts-for-salesforce-b2c-commerce-cloud/,,,0,,,,0,951,standard-article,
1011,content-backed,wxr,wxr,post,keep,Preparing for the B2C Commerce Developer Certification,/preparing-for-the-b2c-commerce-developer-certification/,/preparing-for-the-b2c-commerce-developer-certification/,,,0,,,,0,1351,standard-article,
3,content-backed,wxr,wxr,page,keep,Privacy Policy,/privacy-policy/,/privacy-policy/,,,0,,,,0,594,page,
14050,content-backed,wxr,filesystem|wxr,post,keep,Taming Real-Time Inventory Checks in Salesforce B2C Commerce Cloud,/real-time-inventory-checks-in-sfcc/,/real-time-inventory-checks-in-sfcc/,,,0,,,,3,2218,standard-article,
11627,content-backed,wxr,filesystem|wxr,post,keep,Reflecting on Two Years of Blogging: My Journey in the SFCC Ecosystem,/reflecting-on-2-years-of-blogging/,/reflecting-on-2-years-of-blogging/,,,0,,,,2,659,standard-article,
4950,content-backed,wxr,filesystem|wxr,post,keep,Salesforce B2C Commerce Cloud 22.10,/salesforce-b2c-commerce-cloud-22-10/,/salesforce-b2c-commerce-cloud-22-10/,,,0,1,,,6,1138,,
2942,content-backed,wxr,filesystem|wxr,post,keep,Salesforce B2C Commerce Cloud 22.8,/salesforce-b2c-commerce-cloud-22-8/,/salesforce-b2c-commerce-cloud-22-8/,,,0,1,1,,4,1640,long-form-code-table,
4229,content-backed,wxr,filesystem|wxr,post,keep,Salesforce B2C Commerce Cloud 22.9 release,/salesforce-b2c-commerce-cloud-22-9-release/,/salesforce-b2c-commerce-cloud-22-9-release/,,,0,,,1,2,718,embedded-media,
6042,content-backed,wxr,filesystem|wxr,post,keep,Salesforce B2C Commerce Cloud 23.1,/salesforce-b2c-commerce-cloud-23-1/,/salesforce-b2c-commerce-cloud-23-1/,,,0,1,,,2,1012,,
10175,content-backed,wxr,filesystem|wxr,post,keep,Salesforce B2C Commerce Cloud 23.10 Release: A Comprehensive Overview,/salesforce-b2c-commerce-cloud-23-10-release-a-comprehensive-overview/,/salesforce-b2c-commerce-cloud-23-10-release-a-comprehensive-overview/,,,0,,,,2,1196,standard-article,
6792,content-backed,wxr,filesystem|wxr,post,keep,Salesforce B2C Commerce Cloud 23.2,/salesforce-b2c-commerce-cloud-23-2/,/salesforce-b2c-commerce-cloud-23-2/,,,0,1,,,4,1809,,
7230,content-backed,wxr,filesystem|wxr,post,keep,The Salesforce B2C Commerce Cloud 23.3 release explained,/salesforce-b2c-commerce-cloud-23-3-release/,/salesforce-b2c-commerce-cloud-23-3-release/,,,0,,,,2,1574,standard-article,
3766,content-backed,wxr,filesystem|wxr,post,keep,Salesforce B2C Commerce Cloud Product And Catalog ERD,/salesforce-b2c-commerce-cloud-catalog-erd/,/salesforce-b2c-commerce-cloud-catalog-erd/,,,0,,,,1,607,standard-article,
3806,content-backed,wxr,filesystem|wxr,post,keep,Salesforce B2C Commerce Cloud Content ERD,/salesforce-b2c-commerce-cloud-content-erd/,/salesforce-b2c-commerce-cloud-content-erd/,,,0,,,,1,223,standard-article,
3712,content-backed,wxr,filesystem|wxr,post,keep,Salesforce B2C Commerce Cloud Customer ERD,/salesforce-b2c-commerce-cloud-customer-erd/,/salesforce-b2c-commerce-cloud-customer-erd/,,,0,,,,1,253,standard-article,
805,content-backed,wxr,filesystem|wxr,post,keep,Salesforce B2C Commerce Cloud Documentation,/salesforce-b2c-commerce-cloud-documentation/,/salesforce-b2c-commerce-cloud-documentation/,,19,0,,1,,3,1341,,traffic-priority candidate from Phase 1 baseline
7485,content-backed,wxr,filesystem|wxr,page,keep,The Salesforce B2C Commerce Cloud Data Model explained,/salesforce-b2c-commerce-cloud-erd/,/salesforce-b2c-commerce-cloud-erd/,22,,0,,,,1,516,page,traffic-priority candidate from Phase 1 baseline
5406,content-backed,wxr,filesystem|wxr,post,keep,Salesforce B2C Commerce Cloud Governance and Quotas,/salesforce-b2c-commerce-cloud-governance-and-quotas/,/salesforce-b2c-commerce-cloud-governance-and-quotas/,15,,0,1,,,5,1572,,traffic-priority candidate from Phase 1 baseline
5919,content-backed,wxr,wxr,post,keep,Salesforce B2C Commerce Cloud November 2022 Updates,/salesforce-b2c-commerce-cloud-november-2022-updates/,/salesforce-b2c-commerce-cloud-november-2022-updates/,,,0,,,,0,565,standard-article,
5302,content-backed,wxr,filesystem|wxr,post,keep,Salesforce B2C Commerce Cloud October Updates,/salesforce-b2c-commerce-cloud-october-updates/,/salesforce-b2c-commerce-cloud-october-updates/,,,0,,,,1,397,standard-article,
2358,content-backed,wxr,filesystem|wxr,post,keep,Salesforce B2C Commerce Cloud: The 22.7 Release,/salesforce-b2c-commerce-cloud-the-22-7-release/,/salesforce-b2c-commerce-cloud-the-22-7-release/,,,0,,,,1,737,standard-article,
1307,content-backed,wxr,filesystem|wxr,post,keep,Salesforce B2C Commerce: The 22.5 Release,/salesforce-b2c-commerce-the-22-5-release/,/salesforce-b2c-commerce-the-22-5-release/,,,0,,,,4,952,standard-article,
1894,content-backed,wxr,filesystem|wxr,post,keep,Salesforce B2C Commerce: The 22.6 Release,/salesforce-b2c-commerce-the-22-6-release/,/salesforce-b2c-commerce-the-22-6-release/,,,0,,,,5,659,standard-article,
1988,content-backed,wxr,filesystem|wxr,post,keep,9 Salesforce Commerce Cloud Products,/salesforce-commerce-cloud-products/,/salesforce-commerce-cloud-products/,,,0,,,1,9,1147,embedded-media,
11871,content-backed,wxr,filesystem|wxr,post,keep,Salesforce Connections 2024 and B2C Commerce Cloud,/salesforce-connections-2024-and-sfcc/,/salesforce-connections-2024-and-sfcc/,,,0,,,,1,992,standard-article,
7569,content-backed,wxr,filesystem|wxr,post,keep,Salesforce (Commerce) Payments: Payment Integration Simplified,/salesforce-payments-experience-explained/,/salesforce-payments-experience-explained/,,,0,,,,2,992,standard-article,
1551,content-backed,wxr,filesystem|wxr,post,keep,Secure Coding in Salesforce B2C Commerce Cloud,/secure-coding-in-salesforce-b2c-commerce-cloud/,/secure-coding-in-salesforce-b2c-commerce-cloud/,16,,0,1,,,2,1636,,traffic-priority candidate from Phase 1 baseline
12775,content-backed,wxr,filesystem|wxr,post,keep,Sending Emails from Salesforce B2C Commerce Cloud: A Comprehensive Guide,/sending-emails-from-sfcc/,/sending-emails-from-sfcc/,19,,0,1,,,2,1005,,traffic-priority candidate from Phase 1 baseline
1124,content-backed,wxr,filesystem|wxr,post,keep,Troubleshooting Server-Side Performance in Salesforce B2C Commerce Cloud,/server-side-performance-in-sfcc/,/server-side-performance-in-sfcc/,,,0,,,,6,1199,standard-article,
11082,content-backed,wxr,filesystem|wxr,post,keep,Commerce Cloud 24.1 Release: A New Year Update,/sfcc-24-1-release-a-new-year-update/,/sfcc-24-1-release-a-new-year-update/,,,0,,,,2,689,standard-article,
3837,content-backed,wxr,filesystem|wxr,post,keep,Salesforce B2C Commerce Cloud Basket & Order ERD,/sfcc-basket-order-erd/,/sfcc-basket-order-erd/,,,0,,,,1,373,standard-article,
12459,content-backed,wxr,wxr,post,keep,B2C Commerce Cloud Introduction: Exploring Features & Tech Stacks,/sfcc-introduction/,/sfcc-introduction/,,,0,1,,1,0,937,embedded-media,
8064,content-backed,wxr,filesystem|wxr,post,keep,The Salesforce B2C Commerce Cloud URL: Cracking the Code,/sfcc-url-cracking-the-code/,/sfcc-url-cracking-the-code/,,,0,1,,,1,567,,
1631,content-backed,wxr,filesystem|wxr,post,keep,Should I get JavaScript Developer I certified?,/should-i-get-javascript-developer-i-certified/,/should-i-get-javascript-developer-i-certified/,,,0,,,1,2,433,embedded-media,
12325,content-backed,wxr,filesystem|wxr,post,keep,Should I use SFRA controller REST endpoints in a Composable Storefront project?,/should-i-use-sfra-rest-endpoints-in-a-composable-storefront/,/should-i-use-sfra-rest-endpoints-in-a-composable-storefront/,,,0,,,,1,517,standard-article,
6325,content-backed,wxr,filesystem|wxr,post,keep,Simplifying the Salesforce Order of Execution,/simplifying-the-salesforce-order-of-execution/,/simplifying-the-salesforce-order-of-execution/,,,0,,,,2,1387,standard-article,
1389,content-backed,wxr,filesystem|wxr,post,keep,SiteGenesis vs SFRA vs PWA,/sitegenesis-vs-sfra-vs-pwa/,/sitegenesis-vs-sfra-vs-pwa/,7,16,0,,,1,7,1342,embedded-media|top-10-traffic-90d,traffic-priority candidate from Phase 1 baseline
617,content-backed,wxr,filesystem|wxr,post,keep,Session Sync Showdown: From plugin_slas to Native Hybrid Auth in SFRA and SiteGenesis,/slas-in-sfra-or-sitegenesis/,/slas-in-sfra-or-sitegenesis/,25,,0,,,,2,1988,standard-article,traffic-priority candidate from Phase 1 baseline
10508,content-backed,wxr,filesystem|wxr,post,keep,Slicing versus Variation Groups in Commerce Cloud,/slicing-versus-variation-groups-in-sfcc/,/slicing-versus-variation-groups-in-sfcc/,,,0,,,,4,974,standard-article,
12739,content-backed,wxr,filesystem|wxr,post,keep,Storefront Protection For Your Composable Storefront,/storefront-protection-in-the-pwa-kit/,/storefront-protection-in-the-pwa-kit/,,,0,1,,,2,613,,
1789,content-backed,wxr,filesystem|wxr,post,keep,"Submit ""multipart/form-data"" to a third-party service in SFCC",/submit-multipart-form-data-to-a-third-party-service-in-sfcc/,/submit-multipart-form-data-to-a-third-party-service-in-sfcc/,,,0,1,,,1,385,,
2898,content-backed,wxr,filesystem|wxr,post,keep,Submitting a file to a third party service in SFCC,/submitting-a-file-to-a-third-party-service-in-sfcc/,/submitting-a-file-to-a-third-party-service-in-sfcc/,,,0,1,,,2,458,,
12435,content-backed,wxr,wxr,page,keep,SWC And Storybook: Error: Failed to load native binding,/swc-and-storybook-error-failed-to-load-native-binding/,/swc-and-storybook-error-failed-to-load-native-binding/,1,8,0,1,,,0,34,page|top-10-traffic-90d|top-10-traffic-28d,traffic-priority candidate from Phase 1 baseline
13525,content-backed,wxr,filesystem|wxr,post,keep,Taming the Beast: A Developer's Deep Dive into SFCC Meta Tag Rules,/taming-the-beast-a-developers-deep-dive-into-sfcc-meta-tag-rules/,/taming-the-beast-a-developers-deep-dive-into-sfcc-meta-tag-rules/,,,0,,,,6,2882,standard-article,
11362,content-backed,wxr,filesystem|wxr,post,keep,Variation Groups 101: The attribute fallback system in Commerce Cloud,/the-attribute-fallback-system-in-sfcc/,/the-attribute-fallback-system-in-sfcc/,,,0,,,,3,860,standard-article,
8465,content-backed,wxr,filesystem|wxr,post,keep,B2C Commerce Architect Certification: A Complete Guide to Preparation,/the-b2c-commerce-architect-certification/,/the-b2c-commerce-architect-certification/,14,,0,,,,2,1249,standard-article,traffic-priority candidate from Phase 1 baseline
8311,content-backed,wxr,filesystem|wxr,post,keep,Effortlessly Create External Orders in Salesforce Commerce Cloud,/the-createorders-api-in-sfcc/,/the-createorders-api-in-sfcc/,,,0,1,,,2,771,,
4596,content-backed,wxr,filesystem|wxr,post,keep,The deprecation of the UUID Token for API Clients,/the-deprecation-of-the-uuid-token-for-api-clients/,/the-deprecation-of-the-uuid-token-for-api-clients/,,,0,1,,,1,613,,
12372,content-backed,wxr,filesystem|wxr,post,keep,The importance of Origin Shielding and your Commerce Cloud instance,/the-importance-of-origin-shielding/,/the-importance-of-origin-shielding/,,,0,,,,3,759,standard-article,
2104,content-backed,wxr,filesystem|wxr,post,keep,The journey from developer to architect,/the-journey-from-developer-to-architect/,/the-journey-from-developer-to-architect/,,,0,,,,4,1073,standard-article,
12020,content-backed,wxr,wxr,post,keep,The Latest in B2C Commerce: Version 24.7 Focuses on Speed and Security,/the-latest-in-sfcc-version-24-7/,/the-latest-in-sfcc-version-24-7/,,,0,,,,0,1495,standard-article,
1161,content-backed,wxr,filesystem|wxr,post,keep,The move from on-site to remote,/the-move-from-on-site-to-remote/,/the-move-from-on-site-to-remote/,,,0,,,,3,1103,standard-article,
6686,content-backed,wxr,filesystem|wxr,post,keep,The move from SiteGenesis and SFRA to the Composable Storefront as a developer,/the-move-from-sitegenesis-and-sfra-to-the-composable-storefront-as-a-developer/,/the-move-from-sitegenesis-and-sfra-to-the-composable-storefront-as-a-developer/,,,0,,,,3,633,standard-article,
4827,content-backed,wxr,wxr,page,keep,The path to being an Architect,/the-path-to-being-an-architect/,/the-path-to-being-an-architect/,,,0,,,1,0,133,embedded-media|page,
14159,content-backed,wxr,filesystem|wxr,post,keep,The Realm Split: A Developer's Field Guide to Migrating an SFCC Site,/the-realm-split-field-guide-to-migrating-an-sfcc-site/,/the-realm-split-field-guide-to-migrating-an-sfcc-site/,,,0,,1,,4,4916,,
8116,content-backed,wxr,filesystem|wxr,post,keep,How to retrieve the Request Body in an SFCC Controller easily,/the-request-body-in-an-sfcc-controller/,/the-request-body-in-an-sfcc-controller/,,,0,1,,,2,587,,
4274,content-backed,wxr,filesystem|wxr,post,keep,Let’s GO-LIVE: The Salesforce B2C Commerce Cloud Environment,/the-salesforce-b2c-commerce-cloud-environment/,/the-salesforce-b2c-commerce-cloud-environment/,,,0,,,,2,668,standard-article,
13311,content-backed,wxr,filesystem|wxr,post,keep,The Ultimate SFCC Guide to Finding Your POD Number,/the-sfcc-guide-to-finding-pod-numbers/,/the-sfcc-guide-to-finding-pod-numbers/,,10,0,,,,1,1254,standard-article|top-10-traffic-28d,traffic-priority candidate from Phase 1 baseline
168,content-backed,wxr,filesystem|wxr,post,keep,The state of Ohana for Salesforce Commerce Cloud,/the-state-of-ohana-for-salesforce-commerce-cloud/,/the-state-of-ohana-for-salesforce-commerce-cloud/,,,0,,,,6,898,standard-article,
11800,content-backed,wxr,filesystem|wxr,post,keep,The sunsetting of ARC300 (Architect B2C Commerce Solutions),/the-sunsetting-of-arc300-architect-b2c-commerce-solutions/,/the-sunsetting-of-arc300-architect-b2c-commerce-solutions/,,,0,,,,1,627,standard-article,
12535,content-backed,wxr,filesystem|wxr,post,keep,Third-Party API Caching in Commerce Cloud,/third-party-api-caching-in-commerce-cloud/,/third-party-api-caching-in-commerce-cloud/,,,0,1,,,4,1030,,
2253,content-backed,wxr,filesystem|wxr,post,keep,Three things you can do today to secure your SFCC environment,/three-things-to-secure-sfcc/,/three-things-to-secure-sfcc/,,,0,,,,2,593,standard-article,
1488,content-backed,wxr,filesystem|wxr,post,keep,TrailblazerDX 2022 for B2C Commerce,/trailblazerdx-2022-for-b2c-commerce/,/trailblazerdx-2022-for-b2c-commerce/,,,0,,,,1,814,standard-article,
11181,content-backed,wxr,filesystem|wxr,post,keep,Understanding Locale Fallback in Salesforce B2C Commerce Cloud,/understanding-locale-fallback-in-sfcc/,/understanding-locale-fallback-in-sfcc/,,,0,,,,3,817,standard-article,
7979,content-backed,wxr,filesystem|wxr,post,keep,Understanding Salesforce B2C Commerce Instances: A Comprehensive Guide,/understanding-sfcc-instances/,/understanding-sfcc-instances/,9,24,0,,,,4,1363,standard-article|top-10-traffic-90d,traffic-priority candidate from Phase 1 baseline
10919,content-backed,wxr,filesystem|wxr,post,keep,Unravelling the mystery of dates in the OCAPI,/unravelling-the-mystery-of-dates-in-the-ocapi/,/unravelling-the-mystery-of-dates-in-the-ocapi/,,,0,1,,,2,524,,
1087,content-backed,wxr,filesystem|wxr,page,keep,Versioning of Content Assets,/versioning-of-content-assets/,/versioning-of-content-assets/,,,0,,,,1,72,page,
1077,content-backed,wxr,wxr,page,keep,Video,/video/,/video/,,,0,,,1,6,96,embedded-media|page|video-related-page,
6248,content-backed,wxr,filesystem|wxr,post,keep,What can I use ChatGPT for when working with Salesforce?,/what-can-i-use-chatgpt-for-when-working-with-salesforce/,/what-can-i-use-chatgpt-for-when-working-with-salesforce/,,,0,1,,,6,924,,
2183,content-backed,wxr,filesystem|wxr,post,keep,What does the Composable Storefront mean for SFCC Developers?,/what-does-the-composable-storefront-mean-for-sfcc-developers/,/what-does-the-composable-storefront-mean-for-sfcc-developers/,,,0,,,,3,1360,standard-article,
5072,content-backed,wxr,filesystem|wxr,post,keep,What is Salesforce B2C Commerce on Core?,/what-is-commerce-on-core/,/what-is-commerce-on-core/,,,0,,,,6,1756,standard-article,
11960,content-backed,wxr,filesystem|wxr,post,keep,What is new in Salesforce Commerce Cloud 24.6?,/what-is-new-in-sfcc-24-6/,/what-is-new-in-sfcc-24-6/,,,0,,,,1,1309,standard-article,
9700,content-backed,wxr,filesystem|wxr,post,keep,What is new in the 23.8 Commerce Cloud release?,/what-is-new-in-the-23-8-commerce-cloud-release/,/what-is-new-in-the-23-8-commerce-cloud-release/,,,0,,,,1,1237,standard-article,
1931,content-backed,wxr,filesystem|wxr,post,keep,What is OCI (Omnichannel Inventory),/what-is-oci-omnichannel-inventory/,/what-is-oci-omnichannel-inventory/,,,0,,,,3,995,standard-article,
3641,content-backed,wxr,filesystem|wxr,post,keep,What is the OCAPI session bridge?,/what-is-the-ocapi-session-bridge/,/what-is-the-ocapi-session-bridge/,17,18,0,1,,,4,981,,traffic-priority candidate from Phase 1 baseline
6122,content-backed,wxr,filesystem|wxr,post,keep,What is the Salesforce B2C Commerce Cloud Managed Runtime?,/what-is-the-sfcc-managed-runtime/,/what-is-the-sfcc-managed-runtime/,,,0,,,,4,776,standard-article,
6217,content-backed,wxr,filesystem|wxr,post,keep,What skills do I need as a Salesforce Commerce Cloud Architect?,/what-skills-do-i-need-as-a-sfcc-architect/,/what-skills-do-i-need-as-a-sfcc-architect/,,,0,,,,3,1207,standard-article,
9476,content-backed,wxr,filesystem|wxr,post,keep,Where can I find the new SFCC Documentation?,/where-is-the-new-sfcc-documentation/,/where-is-the-new-sfcc-documentation/,,,0,,,,3,778,standard-article,
12129,content-backed,wxr,filesystem|wxr,post,keep,"Where can you ""hook"" into an SFRA request or controller?",/where-to-hook-into-an-sfra-controller/,/where-to-hook-into-an-sfra-controller/,18,22,0,1,,,6,866,,traffic-priority candidate from Phase 1 baseline
6708,content-backed,wxr,filesystem|wxr,post,keep,Where to start when you are new to Salesforce B2C Commerce Cloud development?,/where-to-start-when-you-are-new-to-salesforce-b2c-commerce-cloud-development/,/where-to-start-when-you-are-new-to-salesforce-b2c-commerce-cloud-development/,,,0,,,,3,687,standard-article,
10683,content-backed,wxr,filesystem|wxr,post,keep,Why Circumventing Salesforce B2C Commerce Cloud Quota Limits Is a Bad Idea,/why-circumventing-sfcc-quota-limits-is-a-bad-idea/,/why-circumventing-sfcc-quota-limits-is-a-bad-idea/,,,0,1,,,2,722,,
14142,content-backed,wxr,filesystem|wxr,post,keep,The Headless Go-Live Gauntlet: Your Definitive SCAPI & SLAS Mobile App Checklist,/your-definitive-mobile-app-checklist/,/your-definitive-mobile-app-checklist/,,,0,,,,3,2954,standard-article,
1179,route-validation,wxr,wxr,landing,retire,Backward!,/elementor-landing-page-1179/,,,,0,,,,0,0,retire-route,retire validation should confirm no staged Hugo page output
2,route-validation,wxr,wxr,page,retire,Sample Page,/sample-page/,,,,0,,,,0,0,page|retire-route,retire validation should confirm no staged Hugo page output
